userid,songid,ratings
0,0,0
0,1,3
0,2,5
0,3,3
0,4,1
0,5,1
0,6,2
0,7,3
0,8,1
0,9,4
0,10,2
0,11,0
0,12,1
0,13,1
0,14,5
0,15,2
0,16,3
0,17,3
0,18,4
0,19,4
0,20,0
0,21,0
0,22,0
0,23,2
0,24,5
0,25,3
0,26,5
0,27,3
0,28,5
0,29,1
0,30,1
0,31,1
0,32,0
0,33,1
0,34,0
0,35,0
0,36,2
0,37,1
0,38,3
0,39,0
0,40,4
0,41,0
0,42,2
0,43,2
0,44,1
0,45,1
0,46,1
0,47,4
0,48,5
0,49,0
0,50,2
0,51,5
0,52,4
0,53,1
0,54,0
0,55,5
0,56,3
0,57,5
0,58,2
0,59,0
0,60,3
0,61,1
0,62,0
0,63,0
0,64,0
0,65,1
0,66,2
0,67,4
0,68,3
0,69,1
0,70,3
0,71,3
0,72,5
0,73,4
0,74,3
0,75,3
1,0,5
1,1,3
1,2,1
1,3,0
1,4,3
1,5,3
1,6,1
1,7,2
1,8,5
1,9,1
1,10,4
1,11,2
1,12,2
1,13,4
1,14,5
1,15,3
1,16,1
1,17,2
1,18,5
1,19,1
1,20,0
1,21,3
1,22,5
1,23,4
1,24,0
1,25,1
1,26,1
1,27,5
1,28,5
1,29,2
1,30,3
1,31,5
1,32,5
1,33,5
1,34,1
1,35,3
1,36,4
1,37,5
1,38,5
1,39,2
1,40,4
1,41,4
1,42,4
1,43,3
1,44,5
1,45,2
1,46,0
1,47,1
1,48,4
1,49,3
1,50,3
1,51,2
1,52,4
1,53,2
1,54,3
1,55,3
1,56,4
1,57,5
1,58,1
1,59,1
1,60,4
1,61,4
1,62,5
1,63,2
1,64,5
1,65,0
1,66,5
1,67,2
1,68,4
1,69,1
1,70,3
1,71,1
1,72,5
1,73,5
1,74,5
1,75,3
2,0,2
2,1,5
2,2,3
2,3,5
2,4,1
2,5,3
2,6,0
2,7,4
2,8,0
2,9,0
2,10,1
2,11,1
2,12,2
2,13,1
2,14,0
2,15,4
2,16,5
2,17,0
2,18,3
2,19,4
2,20,1
2,21,4
2,22,0
2,23,0
2,24,3
2,25,3
2,26,2
2,27,1
2,28,0
2,29,1
2,30,4
2,31,3
2,32,5
2,33,1
2,34,5
2,35,3
2,36,2
2,37,3
2,38,2
2,39,1
2,40,4
2,41,2
2,42,3
2,43,0
2,44,1
2,45,5
2,46,2
2,47,4
2,48,5
2,49,4
2,50,1
2,51,4
2,52,0
2,53,5
2,54,1
2,55,2
2,56,4
2,57,1
2,58,3
2,59,4
2,60,2
2,61,4
2,62,2
2,63,5
2,64,3
2,65,4
2,66,1
2,67,4
2,68,1
2,69,2
2,70,1
2,71,1
2,72,4
2,73,1
2,74,3
2,75,3
3,0,3
3,1,0
3,2,1
3,3,3
3,4,5
3,5,3
3,6,4
3,7,1
3,8,5
3,9,0
3,10,5
3,11,2
3,12,5
3,13,4
3,14,5
3,15,4
3,16,2
3,17,5
3,18,1
3,19,0
3,20,0
3,21,4
3,22,2
3,23,1
3,24,1
3,25,5
3,26,1
3,27,4
3,28,0
3,29,4
3,30,2
3,31,5
3,32,3
3,33,3
3,34,3
3,35,5
3,36,1
3,37,0
3,38,4
3,39,1
3,40,1
3,41,2
3,42,1
3,43,0
3,44,5
3,45,3
3,46,4
3,47,3
3,48,1
3,49,5
3,50,4
3,51,3
3,52,0
3,53,2
3,54,4
3,55,3
3,56,0
3,57,3
3,58,2
3,59,3
3,60,4
3,61,0
3,62,2
3,63,4
3,64,3
3,65,5
3,66,1
3,67,5
3,68,4
3,69,0
3,70,2
3,71,3
3,72,3
3,73,2
3,74,0
3,75,1
4,0,5
4,1,0
4,2,0
4,3,3
4,4,3
4,5,0
4,6,0
4,7,1
4,8,5
4,9,0
4,10,3
4,11,2
4,12,2
4,13,3
4,14,2
4,15,0
4,16,5
4,17,2
4,18,3
4,19,4
4,20,3
4,21,1
4,22,0
4,23,4
4,24,0
4,25,3
4,26,1
4,27,0
4,28,1
4,29,4
4,30,0
4,31,4
4,32,5
4,33,2
4,34,2
4,35,4
4,36,0
4,37,4
4,38,4
4,39,2
4,40,1
4,41,1
4,42,4
4,43,4
4,44,5
4,45,0
4,46,5
4,47,1
4,48,2
4,49,5
4,50,1
4,51,1
4,52,4
4,53,0
4,54,1
4,55,5
4,56,3
4,57,1
4,58,4
4,59,2
4,60,3
4,61,2
4,62,1
4,63,2
4,64,0
4,65,3
4,66,1
4,67,1
4,68,5
4,69,3
4,70,0
4,71,1
4,72,0
4,73,5
4,74,5
4,75,3
5,0,5
5,1,4
5,2,5
5,3,3
5,4,2
5,5,3
5,6,3
5,7,4
5,8,5
5,9,5
5,10,4
5,11,0
5,12,0
5,13,4
5,14,1
5,15,5
5,16,0
5,17,0
5,18,4
5,19,1
5,20,4
5,21,0
5,22,5
5,23,2
5,24,4
5,25,4
5,26,5
5,27,0
5,28,5
5,29,0
5,30,4
5,31,2
5,32,3
5,33,2
5,34,0
5,35,2
5,36,3
5,37,1
5,38,2
5,39,1
5,40,5
5,41,5
5,42,1
5,43,4
5,44,2
5,45,0
5,46,2
5,47,2
5,48,0
5,49,4
5,50,2
5,51,0
5,52,1
5,53,5
5,54,2
5,55,2
5,56,1
5,57,1
5,58,2
5,59,0
5,60,0
5,61,1
5,62,0
5,63,0
5,64,5
5,65,3
5,66,2
5,67,0
5,68,3
5,69,3
5,70,2
5,71,3
5,72,3
5,73,5
5,74,5
5,75,1
6,0,1
6,1,4
6,2,1
6,3,3
6,4,1
6,5,5
6,6,1
6,7,1
6,8,3
6,9,2
6,10,3
6,11,1
6,12,2
6,13,1
6,14,5
6,15,0
6,16,0
6,17,2
6,18,3
6,19,3
6,20,0
6,21,0
6,22,5
6,23,2
6,24,1
6,25,2
6,26,1
6,27,2
6,28,0
6,29,2
6,30,5
6,31,1
6,32,3
6,33,0
6,34,4
6,35,0
6,36,0
6,37,3
6,38,2
6,39,2
6,40,4
6,41,2
6,42,1
6,43,1
6,44,4
6,45,1
6,46,5
6,47,0
6,48,1
6,49,4
6,50,0
6,51,5
6,52,1
6,53,3
6,54,1
6,55,3
6,56,5
6,57,1
6,58,2
6,59,2
6,60,4
6,61,4
6,62,0
6,63,0
6,64,1
6,65,2
6,66,1
6,67,1
6,68,0
6,69,2
6,70,3
6,71,1
6,72,3
6,73,2
6,74,4
6,75,2
7,0,2
7,1,5
7,2,1
7,3,2
7,4,5
7,5,3
7,6,4
7,7,3
7,8,4
7,9,1
7,10,1
7,11,3
7,12,3
7,13,1
7,14,0
7,15,5
7,16,0
7,17,1
7,18,3
7,19,2
7,20,2
7,21,0
7,22,3
7,23,5
7,24,5
7,25,3
7,26,4
7,27,3
7,28,5
7,29,0
7,30,1
7,31,3
7,32,1
7,33,3
7,34,4
7,35,1
7,36,0
7,37,5
7,38,4
7,39,4
7,40,1
7,41,3
7,42,4
7,43,0
7,44,1
7,45,0
7,46,4
7,47,0
7,48,5
7,49,0
7,50,3
7,51,5
7,52,1
7,53,1
7,54,0
7,55,2
7,56,3
7,57,0
7,58,3
7,59,4
7,60,0
7,61,2
7,62,5
7,63,5
7,64,3
7,65,0
7,66,1
7,67,0
7,68,3
7,69,5
7,70,3
7,71,2
7,72,0
7,73,4
7,74,5
7,75,3
8,0,4
8,1,4
8,2,3
8,3,5
8,4,4
8,5,3
8,6,0
8,7,2
8,8,5
8,9,4
8,10,4
8,11,5
8,12,0
8,13,3
8,14,1
8,15,0
8,16,1
8,17,5
8,18,1
8,19,1
8,20,4
8,21,1
8,22,1
8,23,1
8,24,1
8,25,4
8,26,5
8,27,1
8,28,1
8,29,5
8,30,3
8,31,1
8,32,4
8,33,4
8,34,5
8,35,5
8,36,1
8,37,2
8,38,4
8,39,4
8,40,0
8,41,2
8,42,3
8,43,2
8,44,1
8,45,1
8,46,5
8,47,3
8,48,4
8,49,0
8,50,3
8,51,5
8,52,5
8,53,0
8,54,5
8,55,5
8,56,0
8,57,1
8,58,0
8,59,3
8,60,1
8,61,5
8,62,5
8,63,0
8,64,5
8,65,2
8,66,5
8,67,2
8,68,5
8,69,5
8,70,3
8,71,5
8,72,0
8,73,0
8,74,1
8,75,5
9,0,5
9,1,2
9,2,1
9,3,3
9,4,0
9,5,4
9,6,4
9,7,1
9,8,3
9,9,3
9,10,4
9,11,4
9,12,4
9,13,3
9,14,1
9,15,4
9,16,0
9,17,1
9,18,4
9,19,3
9,20,1
9,21,0
9,22,1
9,23,0
9,24,4
9,25,5
9,26,2
9,27,3
9,28,5
9,29,2
9,30,3
9,31,1
9,32,2
9,33,0
9,34,3
9,35,0
9,36,3
9,37,5
9,38,3
9,39,3
9,40,3
9,41,2
9,42,5
9,43,3
9,44,1
9,45,0
9,46,2
9,47,3
9,48,2
9,49,3
9,50,5
9,51,0
9,52,2
9,53,0
9,54,4
9,55,4
9,56,2
9,57,3
9,58,5
9,59,1
9,60,4
9,61,3
9,62,4
9,63,2
9,64,1
9,65,0
9,66,3
9,67,4
9,68,2
9,69,4
9,70,2
9,71,2
9,72,5
9,73,3
9,74,3
9,75,2
10,0,4
10,1,5
10,2,2
10,3,1
10,4,1
10,5,5
10,6,3
10,7,1
10,8,4
10,9,3
10,10,4
10,11,5
10,12,0
10,13,0
10,14,1
10,15,0
10,16,2
10,17,5
10,18,1
10,19,4
10,20,4
10,21,5
10,22,5
10,23,3
10,24,1
10,25,5
10,26,4
10,27,5
10,28,0
10,29,5
10,30,4
10,31,4
10,32,3
10,33,2
10,34,3
10,35,0
10,36,4
10,37,0
10,38,4
10,39,1
10,40,5
10,41,3
10,42,0
10,43,1
10,44,0
10,45,5
10,46,4
10,47,5
10,48,3
10,49,3
10,50,3
10,51,2
10,52,0
10,53,1
10,54,0
10,55,5
10,56,2
10,57,4
10,58,1
10,59,1
10,60,4
10,61,3
10,62,2
10,63,1
10,64,0
10,65,5
10,66,5
10,67,4
10,68,0
10,69,0
10,70,5
10,71,3
10,72,0
10,73,3
10,74,2
10,75,4
11,0,0
11,1,5
11,2,4
11,3,5
11,4,4
11,5,1
11,6,5
11,7,2
11,8,4
11,9,2
11,10,1
11,11,2
11,12,3
11,13,1
11,14,3
11,15,4
11,16,4
11,17,2
11,18,0
11,19,4
11,20,3
11,21,3
11,22,3
11,23,3
11,24,4
11,25,3
11,26,4
11,27,5
11,28,3
11,29,1
11,30,5
11,31,4
11,32,3
11,33,4
11,34,1
11,35,3
11,36,4
11,37,1
11,38,3
11,39,4
11,40,3
11,41,4
11,42,4
11,43,0
11,44,1
11,45,5
11,46,3
11,47,3
11,48,0
11,49,3
11,50,4
11,51,4
11,52,1
11,53,2
11,54,3
11,55,4
11,56,4
11,57,0
11,58,4
11,59,5
11,60,1
11,61,5
11,62,3
11,63,4
11,64,1
11,65,3
11,66,1
11,67,1
11,68,0
11,69,3
11,70,4
11,71,5
11,72,3
11,73,2
11,74,4
11,75,0
12,0,5
12,1,2
12,2,2
12,3,3
12,4,2
12,5,0
12,6,2
12,7,4
12,8,5
12,9,1
12,10,1
12,11,0
12,12,4
12,13,0
12,14,1
12,15,3
12,16,0
12,17,5
12,18,4
12,19,0
12,20,0
12,21,3
12,22,2
12,23,2
12,24,3
12,25,3
12,26,4
12,27,0
12,28,2
12,29,0
12,30,1
12,31,2
12,32,2
12,33,4
12,34,1
12,35,0
12,36,0
12,37,3
12,38,0
12,39,2
12,40,3
12,41,2
12,42,0
12,43,2
12,44,1
12,45,1
12,46,3
12,47,5
12,48,2
12,49,2
12,50,5
12,51,2
12,52,3
12,53,2
12,54,3
12,55,2
12,56,2
12,57,3
12,58,1
12,59,2
12,60,1
12,61,2
12,62,1
12,63,5
12,64,4
12,65,3
12,66,1
12,67,0
12,68,5
12,69,2
12,70,2
12,71,2
12,72,3
12,73,1
12,74,3
12,75,4
13,0,5
13,1,3
13,2,2
13,3,0
13,4,1
13,5,0
13,6,1
13,7,1
13,8,1
13,9,5
13,10,2
13,11,4
13,12,0
13,13,1
13,14,5
13,15,2
13,16,5
13,17,0
13,18,3
13,19,4
13,20,1
13,21,3
13,22,0
13,23,2
13,24,2
13,25,4
13,26,5
13,27,4
13,28,0
13,29,3
13,30,5
13,31,0
13,32,0
13,33,0
13,34,2
13,35,5
13,36,1
13,37,4
13,38,0
13,39,4
13,40,5
13,41,0
13,42,0
13,43,5
13,44,0
13,45,2
13,46,3
13,47,0
13,48,5
13,49,0
13,50,2
13,51,2
13,52,5
13,53,0
13,54,5
13,55,4
13,56,0
13,57,5
13,58,1
13,59,3
13,60,4
13,61,4
13,62,5
13,63,1
13,64,2
13,65,2
13,66,3
13,67,5
13,68,3
13,69,0
13,70,1
13,71,4
13,72,4
13,73,2
13,74,0
13,75,1
14,0,4
14,1,2
14,2,4
14,3,0
14,4,4
14,5,2
14,6,3
14,7,0
14,8,4
14,9,5
14,10,3
14,11,4
14,12,2
14,13,0
14,14,4
14,15,0
14,16,5
14,17,2
14,18,4
14,19,0
14,20,5
14,21,0
14,22,3
14,23,0
14,24,2
14,25,0
14,26,3
14,27,1
14,28,3
14,29,5
14,30,2
14,31,5
14,32,4
14,33,3
14,34,0
14,35,0
14,36,3
14,37,2
14,38,5
14,39,4
14,40,0
14,41,2
14,42,0
14,43,1
14,44,5
14,45,0
14,46,1
14,47,4
14,48,4
14,49,2
14,50,0
14,51,2
14,52,2
14,53,4
14,54,3
14,55,0
14,56,3
14,57,5
14,58,4
14,59,1
14,60,5
14,61,5
14,62,0
14,63,0
14,64,2
14,65,0
14,66,4
14,67,1
14,68,3
14,69,5
14,70,2
14,71,0
14,72,1
14,73,2
14,74,4
14,75,3
15,0,0
15,1,4
15,2,0
15,3,2
15,4,0
15,5,2
15,6,2
15,7,4
15,8,2
15,9,1
15,10,3
15,11,5
15,12,4
15,13,0
15,14,3
15,15,4
15,16,0
15,17,4
15,18,5
15,19,4
15,20,0
15,21,5
15,22,4
15,23,2
15,24,5
15,25,4
15,26,2
15,27,4
15,28,1
15,29,5
15,30,1
15,31,1
15,32,5
15,33,1
15,34,0
15,35,4
15,36,0
15,37,1
15,38,1
15,39,4
15,40,4
15,41,5
15,42,4
15,43,1
15,44,3
15,45,4
15,46,0
15,47,1
15,48,2
15,49,0
15,50,2
15,51,3
15,52,2
15,53,1
15,54,0
15,55,5
15,56,2
15,57,2
15,58,2
15,59,3
15,60,1
15,61,1
15,62,4
15,63,0
15,64,0
15,65,2
15,66,0
15,67,3
15,68,2
15,69,5
15,70,3
15,71,1
15,72,3
15,73,2
15,74,3
15,75,1
16,0,5
16,1,5
16,2,2
16,3,0
16,4,4
16,5,5
16,6,2
16,7,1
16,8,3
16,9,2
16,10,1
16,11,3
16,12,0
16,13,3
16,14,5
16,15,1
16,16,3
16,17,4
16,18,4
16,19,3
16,20,3
16,21,4
16,22,2
16,23,1
16,24,1
16,25,3
16,26,0
16,27,0
16,28,3
16,29,2
16,30,1
16,31,2
16,32,1
16,33,5
16,34,1
16,35,3
16,36,0
16,37,2
16,38,2
16,39,2
16,40,3
16,41,2
16,42,0
16,43,0
16,44,4
16,45,1
16,46,2
16,47,1
16,48,4
16,49,5
16,50,4
16,51,1
16,52,4
16,53,2
16,54,4
16,55,4
16,56,4
16,57,1
16,58,5
16,59,4
16,60,5
16,61,3
16,62,4
16,63,4
16,64,0
16,65,3
16,66,2
16,67,3
16,68,0
16,69,1
16,70,4
16,71,2
16,72,4
16,73,4
16,74,4
16,75,3
17,0,3
17,1,3
17,2,4
17,3,1
17,4,2
17,5,4
17,6,2
17,7,3
17,8,2
17,9,5
17,10,5
17,11,1
17,12,3
17,13,2
17,14,4
17,15,0
17,16,3
17,17,5
17,18,5
17,19,2
17,20,1
17,21,1
17,22,5
17,23,2
17,24,5
17,25,0
17,26,2
17,27,0
17,28,4
17,29,2
17,30,4
17,31,4
17,32,0
17,33,5
17,34,0
17,35,1
17,36,3
17,37,4
17,38,3
17,39,3
17,40,1
17,41,4
17,42,0
17,43,1
17,44,2
17,45,5
17,46,2
17,47,4
17,48,1
17,49,5
17,50,4
17,51,4
17,52,2
17,53,1
17,54,4
17,55,0
17,56,0
17,57,2
17,58,3
17,59,4
17,60,5
17,61,2
17,62,2
17,63,2
17,64,5
17,65,1
17,66,5
17,67,2
17,68,4
17,69,3
17,70,0
17,71,3
17,72,3
17,73,0
17,74,2
17,75,2
18,0,0
18,1,0
18,2,0
18,3,3
18,4,3
18,5,5
18,6,5
18,7,3
18,8,2
18,9,3
18,10,1
18,11,5
18,12,0
18,13,2
18,14,5
18,15,5
18,16,4
18,17,0
18,18,1
18,19,3
18,20,3
18,21,5
18,22,4
18,23,0
18,24,1
18,25,4
18,26,3
18,27,0
18,28,0
18,29,4
18,30,4
18,31,2
18,32,1
18,33,4
18,34,3
18,35,5
18,36,3
18,37,0
18,38,0
18,39,4
18,40,2
18,41,5
18,42,0
18,43,3
18,44,5
18,45,1
18,46,3
18,47,4
18,48,1
18,49,0
18,50,5
18,51,4
18,52,0
18,53,4
18,54,0
18,55,3
18,56,5
18,57,3
18,58,1
18,59,2
18,60,4
18,61,4
18,62,1
18,63,1
18,64,5
18,65,0
18,66,0
18,67,2
18,68,0
18,69,0
18,70,1
18,71,3
18,72,2
18,73,5
18,74,5
18,75,2
19,0,3
19,1,2
19,2,4
19,3,4
19,4,5
19,5,5
19,6,0
19,7,2
19,8,3
19,9,4
19,10,0
19,11,2
19,12,1
19,13,5
19,14,5
19,15,4
19,16,3
19,17,0
19,18,2
19,19,4
19,20,0
19,21,0
19,22,0
19,23,2
19,24,5
19,25,1
19,26,3
19,27,3
19,28,3
19,29,4
19,30,0
19,31,3
19,32,4
19,33,3
19,34,0
19,35,4
19,36,0
19,37,4
19,38,5
19,39,5
19,40,0
19,41,0
19,42,2
19,43,0
19,44,4
19,45,4
19,46,2
19,47,1
19,48,4
19,49,5
19,50,1
19,51,3
19,52,0
19,53,2
19,54,0
19,55,3
19,56,4
19,57,2
19,58,0
19,59,0
19,60,0
19,61,4
19,62,3
19,63,3
19,64,1
19,65,3
19,66,0
19,67,0
19,68,0
19,69,3
19,70,5
19,71,0
19,72,4
19,73,4
19,74,2
19,75,5
20,0,1
20,1,2
20,2,1
20,3,3
20,4,1
20,5,3
20,6,3
20,7,1
20,8,0
20,9,1
20,10,4
20,11,0
20,12,3
20,13,4
20,14,1
20,15,5
20,16,1
20,17,5
20,18,2
20,19,1
20,20,4
20,21,4
20,22,1
20,23,3
20,24,1
20,25,3
20,26,4
20,27,3
20,28,4
20,29,2
20,30,2
20,31,1
20,32,1
20,33,4
20,34,4
20,35,3
20,36,5
20,37,0
20,38,2
20,39,0
20,40,3
20,41,2
20,42,3
20,43,0
20,44,5
20,45,1
20,46,3
20,47,5
20,48,0
20,49,0
20,50,2
20,51,3
20,52,1
20,53,5
20,54,3
20,55,0
20,56,5
20,57,0
20,58,4
20,59,0
20,60,3
20,61,5
20,62,0
20,63,4
20,64,2
20,65,0
20,66,4
20,67,4
20,68,0
20,69,2
20,70,5
20,71,0
20,72,2
20,73,2
20,74,1
20,75,5
21,0,5
21,1,2
21,2,0
21,3,4
21,4,2
21,5,5
21,6,1
21,7,4
21,8,3
21,9,4
21,10,5
21,11,1
21,12,5
21,13,3
21,14,0
21,15,4
21,16,5
21,17,3
21,18,0
21,19,2
21,20,5
21,21,2
21,22,4
21,23,5
21,24,0
21,25,4
21,26,0
21,27,0
21,28,0
21,29,4
21,30,1
21,31,4
21,32,0
21,33,3
21,34,1
21,35,4
21,36,2
21,37,2
21,38,4
21,39,2
21,40,5
21,41,5
21,42,3
21,43,4
21,44,3
21,45,1
21,46,3
21,47,1
21,48,1
21,49,3
21,50,4
21,51,2
21,52,5
21,53,3
21,54,5
21,55,2
21,56,4
21,57,3
21,58,1
21,59,3
21,60,1
21,61,4
21,62,5
21,63,4
21,64,1
21,65,4
21,66,1
21,67,4
21,68,1
21,69,0
21,70,0
21,71,3
21,72,2
21,73,0
21,74,0
21,75,2
22,0,5
22,1,4
22,2,5
22,3,2
22,4,2
22,5,5
22,6,4
22,7,3
22,8,3
22,9,4
22,10,0
22,11,4
22,12,2
22,13,3
22,14,1
22,15,1
22,16,4
22,17,0
22,18,5
22,19,2
22,20,0
22,21,5
22,22,1
22,23,0
22,24,4
22,25,5
22,26,2
22,27,4
22,28,4
22,29,3
22,30,4
22,31,4
22,32,4
22,33,4
22,34,4
22,35,0
22,36,0
22,37,5
22,38,3
22,39,3
22,40,4
22,41,5
22,42,5
22,43,3
22,44,4
22,45,5
22,46,1
22,47,3
22,48,3
22,49,2
22,50,0
22,51,5
22,52,5
22,53,1
22,54,1
22,55,1
22,56,1
22,57,4
22,58,5
22,59,4
22,60,4
22,61,0
22,62,1
22,63,3
22,64,3
22,65,5
22,66,4
22,67,4
22,68,2
22,69,5
22,70,2
22,71,4
22,72,0
22,73,1
22,74,3
22,75,5
23,0,2
23,1,3
23,2,2
23,3,4
23,4,1
23,5,5
23,6,2
23,7,1
23,8,2
23,9,2
23,10,1
23,11,5
23,12,1
23,13,2
23,14,1
23,15,1
23,16,5
23,17,4
23,18,3
23,19,3
23,20,0
23,21,2
23,22,4
23,23,4
23,24,1
23,25,5
23,26,0
23,27,2
23,28,3
23,29,3
23,30,2
23,31,2
23,32,0
23,33,2
23,34,4
23,35,0
23,36,2
23,37,2
23,38,0
23,39,4
23,40,5
23,41,2
23,42,0
23,43,5
23,44,3
23,45,3
23,46,5
23,47,1
23,48,0
23,49,0
23,50,1
23,51,1
23,52,2
23,53,4
23,54,4
23,55,2
23,56,0
23,57,5
23,58,5
23,59,1
23,60,4
23,61,1
23,62,3
23,63,3
23,64,5
23,65,1
23,66,1
23,67,0
23,68,0
23,69,0
23,70,1
23,71,2
23,72,2
23,73,2
23,74,3
23,75,1
24,0,2
24,1,3
24,2,5
24,3,1
24,4,1
24,5,1
24,6,2
24,7,5
24,8,0
24,9,0
24,10,2
24,11,5
24,12,5
24,13,4
24,14,1
24,15,2
24,16,3
24,17,4
24,18,4
24,19,4
24,20,4
24,21,0
24,22,3
24,23,4
24,24,3
24,25,3
24,26,3
24,27,4
24,28,3
24,29,4
24,30,4
24,31,1
24,32,5
24,33,3
24,34,3
24,35,1
24,36,2
24,37,5
24,38,5
24,39,0
24,40,0
24,41,4
24,42,1
24,43,0
24,44,5
24,45,4
24,46,1
24,47,2
24,48,5
24,49,5
24,50,2
24,51,4
24,52,2
24,53,3
24,54,4
24,55,2
24,56,1
24,57,5
24,58,4
24,59,4
24,60,3
24,61,1
24,62,1
24,63,4
24,64,3
24,65,5
24,66,1
24,67,5
24,68,1
24,69,1
24,70,2
24,71,5
24,72,4
24,73,3
24,74,1
24,75,2
25,0,0
25,1,5
25,2,5
25,3,1
25,4,4
25,5,0
25,6,3
25,7,4
25,8,3
25,9,2
25,10,3
25,11,0
25,12,5
25,13,1
25,14,4
25,15,0
25,16,4
25,17,4
25,18,3
25,19,0
25,20,4
25,21,0
25,22,2
25,23,2
25,24,0
25,25,3
25,26,2
25,27,2
25,28,2
25,29,1
25,30,0
25,31,4
25,32,0
25,33,5
25,34,0
25,35,1
25,36,0
25,37,4
25,38,1
25,39,0
25,40,2
25,41,3
25,42,2
25,43,5
25,44,5
25,45,4
25,46,3
25,47,1
25,48,0
25,49,4
25,50,5
25,51,0
25,52,1
25,53,5
25,54,1
25,55,2
25,56,3
25,57,0
25,58,2
25,59,3
25,60,4
25,61,1
25,62,2
25,63,4
25,64,5
25,65,1
25,66,3
25,67,1
25,68,4
25,69,5
25,70,0
25,71,0
25,72,2
25,73,5
25,74,2
25,75,5
26,0,2
26,1,3
26,2,2
26,3,5
26,4,0
26,5,0
26,6,2
26,7,2
26,8,0
26,9,1
26,10,1
26,11,0
26,12,4
26,13,4
26,14,1
26,15,0
26,16,5
26,17,1
26,18,0
26,19,3
26,20,1
26,21,2
26,22,5
26,23,4
26,24,5
26,25,5
26,26,2
26,27,0
26,28,3
26,29,2
26,30,5
26,31,5
26,32,3
26,33,3
26,34,4
26,35,5
26,36,0
26,37,5
26,38,1
26,39,4
26,40,1
26,41,2
26,42,4
26,43,1
26,44,1
26,45,5
26,46,4
26,47,2
26,48,5
26,49,0
26,50,4
26,51,3
26,52,4
26,53,2
26,54,5
26,55,5
26,56,5
26,57,5
26,58,1
26,59,1
26,60,0
26,61,1
26,62,0
26,63,1
26,64,3
26,65,3
26,66,5
26,67,1
26,68,4
26,69,4
26,70,1
26,71,5
26,72,3
26,73,0
26,74,4
26,75,1
27,0,3
27,1,4
27,2,4
27,3,1
27,4,1
27,5,4
27,6,3
27,7,3
27,8,3
27,9,1
27,10,0
27,11,4
27,12,5
27,13,4
27,14,4
27,15,1
27,16,0
27,17,4
27,18,3
27,19,1
27,20,5
27,21,3
27,22,4
27,23,1
27,24,5
27,25,3
27,26,4
27,27,5
27,28,3
27,29,2
27,30,3
27,31,3
27,32,1
27,33,2
27,34,1
27,35,0
27,36,0
27,37,0
27,38,0
27,39,0
27,40,5
27,41,2
27,42,1
27,43,3
27,44,3
27,45,5
27,46,4
27,47,5
27,48,5
27,49,0
27,50,2
27,51,3
27,52,2
27,53,2
27,54,1
27,55,4
27,56,1
27,57,2
27,58,1
27,59,2
27,60,0
27,61,1
27,62,0
27,63,1
27,64,1
27,65,2
27,66,2
27,67,0
27,68,4
27,69,0
27,70,0
27,71,2
27,72,1
27,73,2
27,74,4
27,75,4
28,0,3
28,1,0
28,2,3
28,3,2
28,4,5
28,5,2
28,6,2
28,7,5
28,8,1
28,9,5
28,10,3
28,11,0
28,12,3
28,13,3
28,14,1
28,15,1
28,16,2
28,17,2
28,18,1
28,19,3
28,20,1
28,21,0
28,22,3
28,23,4
28,24,0
28,25,5
28,26,1
28,27,5
28,28,0
28,29,5
28,30,1
28,31,5
28,32,5
28,33,1
28,34,2
28,35,1
28,36,4
28,37,1
28,38,2
28,39,2
28,40,5
28,41,5
28,42,5
28,43,3
28,44,3
28,45,5
28,46,0
28,47,1
28,48,1
28,49,1
28,50,0
28,51,1
28,52,2
28,53,5
28,54,2
28,55,0
28,56,5
28,57,3
28,58,5
28,59,4
28,60,1
28,61,5
28,62,4
28,63,5
28,64,3
28,65,0
28,66,2
28,67,3
28,68,5
28,69,5
28,70,0
28,71,0
28,72,5
28,73,0
28,74,1
28,75,3
29,0,3
29,1,1
29,2,5
29,3,1
29,4,4
29,5,1
29,6,4
29,7,4
29,8,2
29,9,1
29,10,3
29,11,3
29,12,3
29,13,4
29,14,5
29,15,4
29,16,5
29,17,0
29,18,4
29,19,1
29,20,0
29,21,4
29,22,3
29,23,2
29,24,3
29,25,5
29,26,2
29,27,2
29,28,2
29,29,3
29,30,3
29,31,5
29,32,2
29,33,4
29,34,3
29,35,3
29,36,0
29,37,3
29,38,0
29,39,2
29,40,0
29,41,4
29,42,0
29,43,2
29,44,5
29,45,1
29,46,2
29,47,0
29,48,5
29,49,3
29,50,4
29,51,1
29,52,5
29,53,0
29,54,2
29,55,0
29,56,0
29,57,0
29,58,2
29,59,1
29,60,1
29,61,4
29,62,5
29,63,2
29,64,3
29,65,4
29,66,5
29,67,2
29,68,3
29,69,0
29,70,2
29,71,2
29,72,1
29,73,5
29,74,1
29,75,3
30,0,1
30,1,2
30,2,5
30,3,2
30,4,3
30,5,2
30,6,1
30,7,2
30,8,5
30,9,2
30,10,4
30,11,5
30,12,1
30,13,2
30,14,3
30,15,5
30,16,2
30,17,4
30,18,2
30,19,2
30,20,3
30,21,4
30,22,2
30,23,5
30,24,0
30,25,2
30,26,3
30,27,5
30,28,3
30,29,0
30,30,4
30,31,4
30,32,5
30,33,3
30,34,5
30,35,5
30,36,4
30,37,5
30,38,1
30,39,4
30,40,0
30,41,4
30,42,1
30,43,1
30,44,0
30,45,4
30,46,2
30,47,5
30,48,2
30,49,5
30,50,0
30,51,3
30,52,1
30,53,2
30,54,1
30,55,5
30,56,4
30,57,2
30,58,3
30,59,1
30,60,1
30,61,3
30,62,5
30,63,0
30,64,0
30,65,3
30,66,0
30,67,5
30,68,3
30,69,4
30,70,4
30,71,0
30,72,0
30,73,1
30,74,4
30,75,1
31,0,3
31,1,0
31,2,4
31,3,1
31,4,3
31,5,5
31,6,3
31,7,4
31,8,1
31,9,3
31,10,0
31,11,4
31,12,3
31,13,4
31,14,4
31,15,4
31,16,2
31,17,1
31,18,1
31,19,2
31,20,1
31,21,5
31,22,2
31,23,4
31,24,4
31,25,1
31,26,4
31,27,2
31,28,1
31,29,0
31,30,3
31,31,5
31,32,2
31,33,3
31,34,2
31,35,3
31,36,1
31,37,3
31,38,5
31,39,5
31,40,2
31,41,5
31,42,4
31,43,0
31,44,1
31,45,4
31,46,5
31,47,2
31,48,4
31,49,0
31,50,2
31,51,3
31,52,1
31,53,0
31,54,5
31,55,0
31,56,5
31,57,2
31,58,5
31,59,1
31,60,4
31,61,0
31,62,5
31,63,0
31,64,1
31,65,1
31,66,0
31,67,5
31,68,5
31,69,3
31,70,1
31,71,0
31,72,4
31,73,3
31,74,1
31,75,4
32,0,3
32,1,1
32,2,1
32,3,0
32,4,2
32,5,1
32,6,1
32,7,3
32,8,3
32,9,1
32,10,2
32,11,2
32,12,1
32,13,3
32,14,5
32,15,1
32,16,5
32,17,2
32,18,1
32,19,2
32,20,1
32,21,5
32,22,0
32,23,1
32,24,4
32,25,0
32,26,1
32,27,4
32,28,1
32,29,4
32,30,5
32,31,0
32,32,2
32,33,2
32,34,1
32,35,3
32,36,5
32,37,2
32,38,1
32,39,3
32,40,1
32,41,2
32,42,1
32,43,3
32,44,1
32,45,4
32,46,2
32,47,0
32,48,2
32,49,5
32,50,3
32,51,3
32,52,3
32,53,2
32,54,4
32,55,5
32,56,5
32,57,4
32,58,1
32,59,1
32,60,5
32,61,2
32,62,1
32,63,0
32,64,1
32,65,4
32,66,3
32,67,5
32,68,1
32,69,3
32,70,0
32,71,4
32,72,0
32,73,1
32,74,5
32,75,4
33,0,2
33,1,3
33,2,3
33,3,1
33,4,2
33,5,4
33,6,1
33,7,3
33,8,5
33,9,5
33,10,5
33,11,4
33,12,3
33,13,3
33,14,4
33,15,1
33,16,5
33,17,3
33,18,1
33,19,2
33,20,1
33,21,1
33,22,4
33,23,4
33,24,3
33,25,2
33,26,0
33,27,3
33,28,2
33,29,0
33,30,0
33,31,0
33,32,0
33,33,4
33,34,2
33,35,2
33,36,1
33,37,1
33,38,5
33,39,0
33,40,0
33,41,1
33,42,1
33,43,3
33,44,0
33,45,5
33,46,0
33,47,1
33,48,4
33,49,5
33,50,4
33,51,2
33,52,2
33,53,3
33,54,1
33,55,3
33,56,3
33,57,1
33,58,3
33,59,0
33,60,4
33,61,2
33,62,3
33,63,2
33,64,2
33,65,4
33,66,1
33,67,5
33,68,2
33,69,1
33,70,5
33,71,4
33,72,2
33,73,1
33,74,4
33,75,4
34,0,1
34,1,5
34,2,1
34,3,5
34,4,5
34,5,4
34,6,0
34,7,4
34,8,3
34,9,3
34,10,5
34,11,3
34,12,5
34,13,0
34,14,2
34,15,2
34,16,0
34,17,4
34,18,3
34,19,3
34,20,2
34,21,3
34,22,4
34,23,4
34,24,4
34,25,3
34,26,4
34,27,4
34,28,2
34,29,5
34,30,1
34,31,3
34,32,2
34,33,0
34,34,0
34,35,5
34,36,3
34,37,0
34,38,3
34,39,5
34,40,0
34,41,5
34,42,4
34,43,0
34,44,4
34,45,5
34,46,5
34,47,1
34,48,2
34,49,5
34,50,2
34,51,3
34,52,0
34,53,2
34,54,4
34,55,3
34,56,4
34,57,0
34,58,5
34,59,2
34,60,1
34,61,4
34,62,1
34,63,0
34,64,0
34,65,3
34,66,1
34,67,0
34,68,2
34,69,0
34,70,2
34,71,4
34,72,2
34,73,0
34,74,3
34,75,4
35,0,4
35,1,4
35,2,2
35,3,3
35,4,1
35,5,0
35,6,0
35,7,2
35,8,4
35,9,0
35,10,3
35,11,4
35,12,3
35,13,4
35,14,5
35,15,0
35,16,0
35,17,4
35,18,5
35,19,3
35,20,5
35,21,0
35,22,5
35,23,2
35,24,1
35,25,0
35,26,0
35,27,3
35,28,1
35,29,0
35,30,1
35,31,2
35,32,2
35,33,1
35,34,5
35,35,1
35,36,1
35,37,2
35,38,0
35,39,1
35,40,1
35,41,0
35,42,2
35,43,5
35,44,3
35,45,1
35,46,1
35,47,3
35,48,3
35,49,1
35,50,5
35,51,0
35,52,5
35,53,4
35,54,4
35,55,5
35,56,2
35,57,4
35,58,4
35,59,2
35,60,5
35,61,3
35,62,5
35,63,3
35,64,5
35,65,0
35,66,4
35,67,3
35,68,5
35,69,0
35,70,1
35,71,2
35,72,4
35,73,2
35,74,4
35,75,0
36,0,5
36,1,2
36,2,2
36,3,2
36,4,0
36,5,4
36,6,0
36,7,2
36,8,4
36,9,5
36,10,4
36,11,5
36,12,2
36,13,4
36,14,0
36,15,0
36,16,3
36,17,0
36,18,0
36,19,0
36,20,5
36,21,5
36,22,2
36,23,2
36,24,2
36,25,1
36,26,0
36,27,1
36,28,5
36,29,4
36,30,5
36,31,1
36,32,4
36,33,3
36,34,4
36,35,5
36,36,4
36,37,0
36,38,5
36,39,5
36,40,0
36,41,3
36,42,5
36,43,5
36,44,4
36,45,1
36,46,3
36,47,5
36,48,1
36,49,1
36,50,0
36,51,4
36,52,1
36,53,4
36,54,1
36,55,1
36,56,1
36,57,3
36,58,2
36,59,5
36,60,2
36,61,4
36,62,5
36,63,3
36,64,3
36,65,3
36,66,3
36,67,1
36,68,2
36,69,3
36,70,1
36,71,4
36,72,2
36,73,1
36,74,2
36,75,2
37,0,2
37,1,2
37,2,1
37,3,3
37,4,1
37,5,3
37,6,3
37,7,3
37,8,3
37,9,3
37,10,3
37,11,4
37,12,5
37,13,4
37,14,5
37,15,4
37,16,4
37,17,5
37,18,5
37,19,3
37,20,3
37,21,3
37,22,5
37,23,4
37,24,5
37,25,5
37,26,2
37,27,3
37,28,4
37,29,3
37,30,1
37,31,5
37,32,1
37,33,2
37,34,4
37,35,2
37,36,3
37,37,5
37,38,3
37,39,2
37,40,2
37,41,3
37,42,4
37,43,3
37,44,3
37,45,4
37,46,0
37,47,4
37,48,1
37,49,3
37,50,3
37,51,5
37,52,5
37,53,5
37,54,1
37,55,5
37,56,1
37,57,2
37,58,4
37,59,0
37,60,0
37,61,1
37,62,4
37,63,5
37,64,0
37,65,1
37,66,3
37,67,5
37,68,3
37,69,4
37,70,4
37,71,4
37,72,5
37,73,5
37,74,4
37,75,2
38,0,4
38,1,0
38,2,4
38,3,0
38,4,3
38,5,3
38,6,5
38,7,4
38,8,4
38,9,0
38,10,5
38,11,2
38,12,4
38,13,5
38,14,4
38,15,2
38,16,5
38,17,1
38,18,2
38,19,2
38,20,2
38,21,4
38,22,2
38,23,1
38,24,5
38,25,2
38,26,4
38,27,2
38,28,4
38,29,5
38,30,5
38,31,0
38,32,4
38,33,1
38,34,5
38,35,4
38,36,5
38,37,2
38,38,4
38,39,3
38,40,0
38,41,4
38,42,0
38,43,1
38,44,2
38,45,2
38,46,4
38,47,2
38,48,1
38,49,0
38,50,4
38,51,0
38,52,5
38,53,1
38,54,1
38,55,2
38,56,0
38,57,4
38,58,0
38,59,0
38,60,2
38,61,4
38,62,5
38,63,1
38,64,5
38,65,2
38,66,4
38,67,2
38,68,4
38,69,5
38,70,2
38,71,1
38,72,1
38,73,4
38,74,4
38,75,2
39,0,3
39,1,0
39,2,3
39,3,4
39,4,0
39,5,0
39,6,1
39,7,0
39,8,2
39,9,5
39,10,0
39,11,1
39,12,1
39,13,0
39,14,5
39,15,1
39,16,3
39,17,5
39,18,4
39,19,2
39,20,4
39,21,3
39,22,0
39,23,0
39,24,4
39,25,4
39,26,0
39,27,0
39,28,5
39,29,5
39,30,2
39,31,5
39,32,4
39,33,3
39,34,0
39,35,5
39,36,5
39,37,3
39,38,4
39,39,2
39,40,3
39,41,4
39,42,1
39,43,0
39,44,4
39,45,0
39,46,1
39,47,2
39,48,4
39,49,1
39,50,4
39,51,2
39,52,1
39,53,0
39,54,1
39,55,3
39,56,0
39,57,5
39,58,4
39,59,2
39,60,4
39,61,5
39,62,1
39,63,3
39,64,1
39,65,3
39,66,0
39,67,5
39,68,5
39,69,5
39,70,4
39,71,2
39,72,1
39,73,3
39,74,3
39,75,1
40,0,2
40,1,2
40,2,5
40,3,2
40,4,5
40,5,1
40,6,5
40,7,1
40,8,5
40,9,2
40,10,3
40,11,2
40,12,3
40,13,4
40,14,1
40,15,4
40,16,2
40,17,4
40,18,0
40,19,2
40,20,1
40,21,2
40,22,3
40,23,5
40,24,0
40,25,1
40,26,0
40,27,3
40,28,4
40,29,2
40,30,4
40,31,2
40,32,5
40,33,3
40,34,0
40,35,2
40,36,1
40,37,0
40,38,5
40,39,4
40,40,1
40,41,2
40,42,5
40,43,3
40,44,2
40,45,5
40,46,4
40,47,3
40,48,2
40,49,5
40,50,1
40,51,0
40,52,1
40,53,1
40,54,0
40,55,1
40,56,3
40,57,0
40,58,3
40,59,3
40,60,3
40,61,4
40,62,4
40,63,2
40,64,0
40,65,2
40,66,1
40,67,4
40,68,3
40,69,1
40,70,3
40,71,4
40,72,1
40,73,0
40,74,1
40,75,3
41,0,2
41,1,0
41,2,1
41,3,2
41,4,5
41,5,4
41,6,2
41,7,5
41,8,0
41,9,0
41,10,5
41,11,4
41,12,4
41,13,2
41,14,2
41,15,3
41,16,4
41,17,0
41,18,0
41,19,3
41,20,1
41,21,3
41,22,2
41,23,2
41,24,0
41,25,5
41,26,0
41,27,1
41,28,3
41,29,1
41,30,0
41,31,2
41,32,5
41,33,2
41,34,4
41,35,2
41,36,2
41,37,1
41,38,0
41,39,4
41,40,1
41,41,3
41,42,1
41,43,1
41,44,3
41,45,5
41,46,2
41,47,3
41,48,2
41,49,0
41,50,0
41,51,2
41,52,1
41,53,4
41,54,3
41,55,4
41,56,5
41,57,3
41,58,4
41,59,1
41,60,3
41,61,3
41,62,5
41,63,4
41,64,0
41,65,1
41,66,4
41,67,0
41,68,1
41,69,2
41,70,3
41,71,3
41,72,3
41,73,3
41,74,3
41,75,0
42,0,0
42,1,0
42,2,2
42,3,0
42,4,5
42,5,2
42,6,0
42,7,5
42,8,5
42,9,2
42,10,0
42,11,0
42,12,3
42,13,0
42,14,0
42,15,4
42,16,3
42,17,3
42,18,0
42,19,0
42,20,5
42,21,0
42,22,4
42,23,5
42,24,3
42,25,3
42,26,3
42,27,0
42,28,2
42,29,0
42,30,0
42,31,1
42,32,5
42,33,4
42,34,3
42,35,2
42,36,4
42,37,1
42,38,3
42,39,0
42,40,3
42,41,2
42,42,5
42,43,5
42,44,4
42,45,4
42,46,4
42,47,3
42,48,2
42,49,3
42,50,0
42,51,1
42,52,2
42,53,2
42,54,1
42,55,5
42,56,0
42,57,4
42,58,5
42,59,4
42,60,3
42,61,5
42,62,5
42,63,2
42,64,2
42,65,4
42,66,5
42,67,3
42,68,4
42,69,1
42,70,5
42,71,0
42,72,2
42,73,0
42,74,0
42,75,0
43,0,5
43,1,5
43,2,4
43,3,1
43,4,2
43,5,4
43,6,0
43,7,1
43,8,4
43,9,0
43,10,3
43,11,5
43,12,4
43,13,5
43,14,3
43,15,3
43,16,4
43,17,1
43,18,0
43,19,4
43,20,5
43,21,1
43,22,3
43,23,5
43,24,4
43,25,2
43,26,0
43,27,2
43,28,5
43,29,0
43,30,5
43,31,3
43,32,2
43,33,1
43,34,1
43,35,5
43,36,0
43,37,1
43,38,3
43,39,1
43,40,2
43,41,3
43,42,2
43,43,1
43,44,2
43,45,0
43,46,5
43,47,0
43,48,1
43,49,1
43,50,2
43,51,0
43,52,4
43,53,1
43,54,3
43,55,3
43,56,0
43,57,1
43,58,1
43,59,3
43,60,3
43,61,2
43,62,2
43,63,0
43,64,1
43,65,3
43,66,4
43,67,5
43,68,0
43,69,5
43,70,0
43,71,3
43,72,0
43,73,5
43,74,2
43,75,4
44,0,1
44,1,5
44,2,0
44,3,1
44,4,4
44,5,0
44,6,1
44,7,1
44,8,2
44,9,3
44,10,0
44,11,4
44,12,4
44,13,5
44,14,4
44,15,4
44,16,4
44,17,5
44,18,3
44,19,1
44,20,2
44,21,2
44,22,0
44,23,4
44,24,2
44,25,4
44,26,4
44,27,4
44,28,2
44,29,3
44,30,5
44,31,5
44,32,5
44,33,4
44,34,5
44,35,0
44,36,1
44,37,5
44,38,0
44,39,3
44,40,1
44,41,2
44,42,1
44,43,2
44,44,2
44,45,3
44,46,0
44,47,1
44,48,4
44,49,5
44,50,3
44,51,4
44,52,3
44,53,5
44,54,1
44,55,0
44,56,3
44,57,3
44,58,0
44,59,0
44,60,2
44,61,0
44,62,0
44,63,4
44,64,1
44,65,1
44,66,4
44,67,3
44,68,4
44,69,2
44,70,3
44,71,3
44,72,3
44,73,3
44,74,1
44,75,1
45,0,4
45,1,1
45,2,5
45,3,3
45,4,4
45,5,2
45,6,5
45,7,3
45,8,2
45,9,2
45,10,5
45,11,3
45,12,4
45,13,2
45,14,0
45,15,5
45,16,3
45,17,4
45,18,2
45,19,4
45,20,1
45,21,2
45,22,3
45,23,1
45,24,3
45,25,0
45,26,2
45,27,1
45,28,1
45,29,5
45,30,2
45,31,0
45,32,0
45,33,1
45,34,3
45,35,4
45,36,5
45,37,1
45,38,0
45,39,0
45,40,1
45,41,2
45,42,3
45,43,4
45,44,2
45,45,1
45,46,3
45,47,0
45,48,5
45,49,4
45,50,3
45,51,2
45,52,0
45,53,1
45,54,1
45,55,4
45,56,5
45,57,1
45,58,5
45,59,4
45,60,1
45,61,1
45,62,1
45,63,2
45,64,4
45,65,5
45,66,3
45,67,4
45,68,1
45,69,3
45,70,4
45,71,4
45,72,1
45,73,1
45,74,3
45,75,2
46,0,3
46,1,4
46,2,1
46,3,3
46,4,4
46,5,3
46,6,3
46,7,4
46,8,2
46,9,3
46,10,5
46,11,2
46,12,2
46,13,3
46,14,3
46,15,2
46,16,5
46,17,4
46,18,3
46,19,1
46,20,4
46,21,1
46,22,3
46,23,2
46,24,2
46,25,2
46,26,4
46,27,0
46,28,2
46,29,1
46,30,3
46,31,5
46,32,5
46,33,1
46,34,3
46,35,4
46,36,3
46,37,3
46,38,1
46,39,3
46,40,4
46,41,0
46,42,3
46,43,0
46,44,2
46,45,3
46,46,0
46,47,1
46,48,3
46,49,2
46,50,0
46,51,4
46,52,2
46,53,2
46,54,1
46,55,5
46,56,2
46,57,3
46,58,5
46,59,5
46,60,5
46,61,2
46,62,0
46,63,5
46,64,5
46,65,1
46,66,4
46,67,3
46,68,4
46,69,1
46,70,5
46,71,0
46,72,0
46,73,2
46,74,1
46,75,3
47,0,4
47,1,4
47,2,5
47,3,0
47,4,3
47,5,2
47,6,0
47,7,1
47,8,4
47,9,1
47,10,4
47,11,2
47,12,4
47,13,5
47,14,5
47,15,2
47,16,1
47,17,0
47,18,1
47,19,5
47,20,5
47,21,1
47,22,1
47,23,4
47,24,2
47,25,3
47,26,0
47,27,3
47,28,0
47,29,3
47,30,1
47,31,1
47,32,0
47,33,3
47,34,0
47,35,1
47,36,1
47,37,4
47,38,4
47,39,1
47,40,1
47,41,5
47,42,3
47,43,3
47,44,5
47,45,5
47,46,5
47,47,4
47,48,0
47,49,4
47,50,3
47,51,0
47,52,0
47,53,3
47,54,4
47,55,2
47,56,2
47,57,3
47,58,2
47,59,3
47,60,4
47,61,5
47,62,5
47,63,0
47,64,2
47,65,4
47,66,0
47,67,1
47,68,1
47,69,5
47,70,1
47,71,5
47,72,3
47,73,4
47,74,5
47,75,3
48,0,1
48,1,4
48,2,1
48,3,2
48,4,5
48,5,1
48,6,5
48,7,1
48,8,2
48,9,3
48,10,1
48,11,5
48,12,4
48,13,0
48,14,0
48,15,3
48,16,0
48,17,4
48,18,0
48,19,0
48,20,0
48,21,3
48,22,2
48,23,1
48,24,3
48,25,2
48,26,1
48,27,5
48,28,5
48,29,4
48,30,0
48,31,0
48,32,5
48,33,1
48,34,4
48,35,3
48,36,3
48,37,2
48,38,0
48,39,1
48,40,1
48,41,3
48,42,2
48,43,4
48,44,0
48,45,3
48,46,5
48,47,2
48,48,1
48,49,0
48,50,4
48,51,3
48,52,0
48,53,0
48,54,5
48,55,0
48,56,2
48,57,0
48,58,3
48,59,3
48,60,1
48,61,2
48,62,2
48,63,4
48,64,3
48,65,0
48,66,5
48,67,0
48,68,0
48,69,2
48,70,5
48,71,3
48,72,1
48,73,1
48,74,2
48,75,2
49,0,5
49,1,4
49,2,5
49,3,5
49,4,4
49,5,0
49,6,4
49,7,3
49,8,0
49,9,4
49,10,2
49,11,5
49,12,5
49,13,1
49,14,5
49,15,3
49,16,4
49,17,1
49,18,3
49,19,0
49,20,0
49,21,0
49,22,5
49,23,5
49,24,1
49,25,1
49,26,2
49,27,1
49,28,0
49,29,2
49,30,2
49,31,0
49,32,0
49,33,3
49,34,2
49,35,4
49,36,4
49,37,1
49,38,3
49,39,4
49,40,5
49,41,5
49,42,2
49,43,3
49,44,3
49,45,5
49,46,4
49,47,4
49,48,1
49,49,0
49,50,1
49,51,0
49,52,5
49,53,0
49,54,3
49,55,1
49,56,3
49,57,1
49,58,1
49,59,1
49,60,0
49,61,3
49,62,0
49,63,2
49,64,5
49,65,4
49,66,5
49,67,3
49,68,5
49,69,5
49,70,3
49,71,5
49,72,2
49,73,3
49,74,1
49,75,1
50,0,4
50,1,5
50,2,5
50,3,5
50,4,2
50,5,3
50,6,1
50,7,4
50,8,5
50,9,4
50,10,2
50,11,5
50,12,2
50,13,1
50,14,5
50,15,0
50,16,3
50,17,4
50,18,5
50,19,5
50,20,0
50,21,4
50,22,0
50,23,3
50,24,1
50,25,5
50,26,1
50,27,5
50,28,2
50,29,1
50,30,4
50,31,1
50,32,5
50,33,5
50,34,0
50,35,1
50,36,0
50,37,4
50,38,5
50,39,4
50,40,5
50,41,3
50,42,4
50,43,4
50,44,0
50,45,1
50,46,1
50,47,4
50,48,1
50,49,3
50,50,2
50,51,2
50,52,4
50,53,2
50,54,3
50,55,3
50,56,4
50,57,2
50,58,1
50,59,5
50,60,3
50,61,0
50,62,5
50,63,1
50,64,4
50,65,5
50,66,0
50,67,2
50,68,2
50,69,0
50,70,5
50,71,2
50,72,2
50,73,2
50,74,2
50,75,0
51,0,3
51,1,3
51,2,0
51,3,0
51,4,1
51,5,0
51,6,0
51,7,1
51,8,5
51,9,2
51,10,3
51,11,2
51,12,5
51,13,2
51,14,3
51,15,1
51,16,1
51,17,1
51,18,0
51,19,1
51,20,4
51,21,5
51,22,1
51,23,4
51,24,5
51,25,2
51,26,3
51,27,3
51,28,4
51,29,1
51,30,1
51,31,4
51,32,3
51,33,0
51,34,4
51,35,4
51,36,2
51,37,5
51,38,4
51,39,3
51,40,4
51,41,5
51,42,3
51,43,3
51,44,5
51,45,2
51,46,3
51,47,4
51,48,3
51,49,4
51,50,0
51,51,1
51,52,0
51,53,5
51,54,2
51,55,0
51,56,1
51,57,1
51,58,4
51,59,0
51,60,0
51,61,5
51,62,5
51,63,2
51,64,1
51,65,3
51,66,0
51,67,0
51,68,3
51,69,5
51,70,5
51,71,0
51,72,2
51,73,3
51,74,0
51,75,4
52,0,3
52,1,2
52,2,4
52,3,3
52,4,4
52,5,2
52,6,2
52,7,2
52,8,3
52,9,0
52,10,3
52,11,5
52,12,5
52,13,2
52,14,3
52,15,1
52,16,5
52,17,4
52,18,4
52,19,1
52,20,2
52,21,1
52,22,5
52,23,1
52,24,5
52,25,5
52,26,4
52,27,4
52,28,3
52,29,2
52,30,0
52,31,1
52,32,5
52,33,0
52,34,1
52,35,0
52,36,4
52,37,0
52,38,0
52,39,5
52,40,3
52,41,5
52,42,2
52,43,1
52,44,4
52,45,5
52,46,2
52,47,5
52,48,5
52,49,4
52,50,3
52,51,5
52,52,0
52,53,4
52,54,3
52,55,0
52,56,1
52,57,3
52,58,0
52,59,4
52,60,2
52,61,1
52,62,3
52,63,4
52,64,4
52,65,1
52,66,1
52,67,4
52,68,2
52,69,1
52,70,3
52,71,4
52,72,0
52,73,5
52,74,3
52,75,0
53,0,2
53,1,3
53,2,5
53,3,2
53,4,3
53,5,5
53,6,1
53,7,2
53,8,3
53,9,4
53,10,0
53,11,4
53,12,0
53,13,4
53,14,3
53,15,4
53,16,0
53,17,4
53,18,0
53,19,2
53,20,0
53,21,2
53,22,2
53,23,1
53,24,0
53,25,3
53,26,3
53,27,2
53,28,0
53,29,2
53,30,4
53,31,0
53,32,3
53,33,2
53,34,0
53,35,2
53,36,3
53,37,0
53,38,5
53,39,3
53,40,2
53,41,3
53,42,0
53,43,5
53,44,3
53,45,4
53,46,4
53,47,1
53,48,5
53,49,3
53,50,4
53,51,5
53,52,4
53,53,1
53,54,1
53,55,5
53,56,2
53,57,1
53,58,2
53,59,4
53,60,4
53,61,1
53,62,5
53,63,3
53,64,4
53,65,2
53,66,1
53,67,0
53,68,0
53,69,0
53,70,2
53,71,3
53,72,2
53,73,5
53,74,4
53,75,0
54,0,4
54,1,4
54,2,3
54,3,5
54,4,1
54,5,4
54,6,1
54,7,5
54,8,4
54,9,3
54,10,4
54,11,2
54,12,0
54,13,1
54,14,2
54,15,5
54,16,1
54,17,0
54,18,0
54,19,0
54,20,0
54,21,3
54,22,3
54,23,5
54,24,3
54,25,1
54,26,4
54,27,2
54,28,2
54,29,3
54,30,5
54,31,1
54,32,5
54,33,4
54,34,1
54,35,2
54,36,4
54,37,2
54,38,5
54,39,1
54,40,0
54,41,0
54,42,4
54,43,2
54,44,2
54,45,1
54,46,2
54,47,1
54,48,1
54,49,2
54,50,4
54,51,1
54,52,4
54,53,5
54,54,0
54,55,4
54,56,0
54,57,5
54,58,5
54,59,4
54,60,0
54,61,3
54,62,2
54,63,1
54,64,0
54,65,0
54,66,4
54,67,5
54,68,2
54,69,2
54,70,3
54,71,2
54,72,2
54,73,5
54,74,1
54,75,4
55,0,0
55,1,4
55,2,1
55,3,5
55,4,1
55,5,1
55,6,4
55,7,1
55,8,2
55,9,5
55,10,5
55,11,2
55,12,3
55,13,2
55,14,1
55,15,0
55,16,2
55,17,2
55,18,3
55,19,3
55,20,1
55,21,3
55,22,0
55,23,5
55,24,2
55,25,1
55,26,4
55,27,2
55,28,3
55,29,2
55,30,4
55,31,1
55,32,1
55,33,3
55,34,3
55,35,4
55,36,3
55,37,4
55,38,0
55,39,4
55,40,5
55,41,5
55,42,1
55,43,0
55,44,2
55,45,4
55,46,3
55,47,1
55,48,3
55,49,4
55,50,2
55,51,4
55,52,5
55,53,3
55,54,1
55,55,1
55,56,3
55,57,4
55,58,0
55,59,1
55,60,4
55,61,5
55,62,4
55,63,1
55,64,1
55,65,4
55,66,0
55,67,2
55,68,4
55,69,3
55,70,3
55,71,1
55,72,1
55,73,1
55,74,4
55,75,4
56,0,0
56,1,4
56,2,3
56,3,2
56,4,4
56,5,0
56,6,3
56,7,5
56,8,0
56,9,2
56,10,5
56,11,4
56,12,0
56,13,0
56,14,3
56,15,3
56,16,4
56,17,3
56,18,3
56,19,3
56,20,0
56,21,5
56,22,4
56,23,1
56,24,0
56,25,4
56,26,3
56,27,1
56,28,3
56,29,4
56,30,3
56,31,1
56,32,2
56,33,2
56,34,4
56,35,4
56,36,3
56,37,3
56,38,3
56,39,5
56,40,5
56,41,5
56,42,4
56,43,2
56,44,1
56,45,1
56,46,4
56,47,2
56,48,3
56,49,4
56,50,5
56,51,2
56,52,2
56,53,2
56,54,4
56,55,5
56,56,1
56,57,2
56,58,3
56,59,4
56,60,1
56,61,4
56,62,2
56,63,3
56,64,5
56,65,3
56,66,4
56,67,0
56,68,4
56,69,5
56,70,2
56,71,2
56,72,1
56,73,1
56,74,1
56,75,4
57,0,4
57,1,5
57,2,5
57,3,0
57,4,3
57,5,3
57,6,2
57,7,1
57,8,1
57,9,2
57,10,2
57,11,4
57,12,0
57,13,3
57,14,0
57,15,4
57,16,4
57,17,1
57,18,4
57,19,3
57,20,0
57,21,0
57,22,3
57,23,4
57,24,5
57,25,4
57,26,3
57,27,0
57,28,3
57,29,2
57,30,1
57,31,5
57,32,5
57,33,4
57,34,0
57,35,4
57,36,1
57,37,4
57,38,5
57,39,0
57,40,5
57,41,3
57,42,0
57,43,5
57,44,5
57,45,4
57,46,2
57,47,0
57,48,1
57,49,2
57,50,4
57,51,1
57,52,5
57,53,4
57,54,4
57,55,5
57,56,5
57,57,4
57,58,0
57,59,1
57,60,1
57,61,4
57,62,0
57,63,5
57,64,0
57,65,4
57,66,1
57,67,2
57,68,4
57,69,5
57,70,2
57,71,0
57,72,0
57,73,3
57,74,3
57,75,2
58,0,2
58,1,4
58,2,5
58,3,0
58,4,0
58,5,3
58,6,2
58,7,5
58,8,4
58,9,1
58,10,1
58,11,1
58,12,1
58,13,2
58,14,3
58,15,0
58,16,1
58,17,1
58,18,4
58,19,3
58,20,1
58,21,4
58,22,0
58,23,0
58,24,5
58,25,3
58,26,2
58,27,5
58,28,5
58,29,3
58,30,1
58,31,4
58,32,3
58,33,2
58,34,2
58,35,3
58,36,4
58,37,3
58,38,2
58,39,1
58,40,5
58,41,4
58,42,4
58,43,1
58,44,4
58,45,3
58,46,1
58,47,5
58,48,1
58,49,3
58,50,0
58,51,5
58,52,4
58,53,2
58,54,2
58,55,5
58,56,5
58,57,0
58,58,3
58,59,2
58,60,2
58,61,4
58,62,0
58,63,5
58,64,3
58,65,1
58,66,2
58,67,5
58,68,1
58,69,1
58,70,0
58,71,0
58,72,2
58,73,0
58,74,5
58,75,1
59,0,2
59,1,2
59,2,4
59,3,2
59,4,5
59,5,5
59,6,5
59,7,3
59,8,5
59,9,4
59,10,0
59,11,4
59,12,4
59,13,1
59,14,5
59,15,2
59,16,0
59,17,5
59,18,0
59,19,1
59,20,3
59,21,0
59,22,2
59,23,0
59,24,4
59,25,3
59,26,4
59,27,3
59,28,3
59,29,0
59,30,0
59,31,0
59,32,3
59,33,3
59,34,2
59,35,0
59,36,4
59,37,4
59,38,0
59,39,4
59,40,5
59,41,1
59,42,2
59,43,4
59,44,4
59,45,0
59,46,3
59,47,2
59,48,4
59,49,4
59,50,1
59,51,5
59,52,3
59,53,1
59,54,1
59,55,5
59,56,2
59,57,5
59,58,5
59,59,1
59,60,5
59,61,5
59,62,5
59,63,2
59,64,3
59,65,3
59,66,2
59,67,4
59,68,0
59,69,1
59,70,1
59,71,2
59,72,2
59,73,1
59,74,1
59,75,2
60,0,0
60,1,0
60,2,5
60,3,1
60,4,0
60,5,0
60,6,5
60,7,5
60,8,1
60,9,1
60,10,1
60,11,1
60,12,1
60,13,4
60,14,0
60,15,0
60,16,5
60,17,2
60,18,5
60,19,3
60,20,5
60,21,2
60,22,5
60,23,3
60,24,5
60,25,0
60,26,4
60,27,5
60,28,0
60,29,1
60,30,1
60,31,0
60,32,3
60,33,1
60,34,3
60,35,4
60,36,5
60,37,4
60,38,5
60,39,4
60,40,0
60,41,0
60,42,5
60,43,1
60,44,1
60,45,3
60,46,4
60,47,4
60,48,5
60,49,4
60,50,0
60,51,5
60,52,1
60,53,1
60,54,1
60,55,2
60,56,4
60,57,1
60,58,5
60,59,4
60,60,5
60,61,0
60,62,1
60,63,5
60,64,3
60,65,0
60,66,4
60,67,4
60,68,3
60,69,2
60,70,2
60,71,5
60,72,0
60,73,2
60,74,5
60,75,1
61,0,1
61,1,2
61,2,4
61,3,4
61,4,5
61,5,2
61,6,3
61,7,2
61,8,1
61,9,4
61,10,5
61,11,0
61,12,1
61,13,0
61,14,3
61,15,3
61,16,4
61,17,4
61,18,0
61,19,4
61,20,3
61,21,0
61,22,4
61,23,1
61,24,1
61,25,3
61,26,3
61,27,0
61,28,4
61,29,3
61,30,0
61,31,5
61,32,0
61,33,5
61,34,1
61,35,4
61,36,4
61,37,1
61,38,0
61,39,2
61,40,5
61,41,0
61,42,3
61,43,4
61,44,0
61,45,0
61,46,2
61,47,2
61,48,4
61,49,0
61,50,4
61,51,0
61,52,4
61,53,2
61,54,3
61,55,0
61,56,4
61,57,3
61,58,0
61,59,1
61,60,3
61,61,3
61,62,2
61,63,4
61,64,5
61,65,4
61,66,2
61,67,1
61,68,5
61,69,1
61,70,1
61,71,5
61,72,2
61,73,0
61,74,3
61,75,2
62,0,3
62,1,3
62,2,4
62,3,3
62,4,0
62,5,3
62,6,4
62,7,5
62,8,1
62,9,4
62,10,3
62,11,3
62,12,4
62,13,5
62,14,2
62,15,5
62,16,3
62,17,5
62,18,5
62,19,2
62,20,4
62,21,5
62,22,1
62,23,4
62,24,1
62,25,3
62,26,1
62,27,1
62,28,1
62,29,4
62,30,5
62,31,1
62,32,2
62,33,5
62,34,2
62,35,4
62,36,1
62,37,2
62,38,2
62,39,5
62,40,4
62,41,1
62,42,3
62,43,2
62,44,3
62,45,3
62,46,2
62,47,1
62,48,3
62,49,0
62,50,5
62,51,3
62,52,4
62,53,0
62,54,1
62,55,2
62,56,1
62,57,1
62,58,2
62,59,3
62,60,2
62,61,1
62,62,4
62,63,3
62,64,5
62,65,3
62,66,4
62,67,3
62,68,2
62,69,4
62,70,5
62,71,0
62,72,4
62,73,4
62,74,4
62,75,0
63,0,3
63,1,5
63,2,1
63,3,3
63,4,3
63,5,3
63,6,4
63,7,2
63,8,4
63,9,4
63,10,0
63,11,3
63,12,1
63,13,0
63,14,3
63,15,0
63,16,4
63,17,5
63,18,4
63,19,0
63,20,1
63,21,5
63,22,3
63,23,2
63,24,0
63,25,0
63,26,2
63,27,4
63,28,2
63,29,3
63,30,5
63,31,0
63,32,4
63,33,5
63,34,3
63,35,0
63,36,2
63,37,0
63,38,4
63,39,4
63,40,3
63,41,0
63,42,1
63,43,0
63,44,3
63,45,4
63,46,4
63,47,0
63,48,0
63,49,1
63,50,3
63,51,1
63,52,5
63,53,1
63,54,5
63,55,2
63,56,3
63,57,1
63,58,0
63,59,5
63,60,4
63,61,1
63,62,2
63,63,2
63,64,3
63,65,0
63,66,4
63,67,0
63,68,3
63,69,1
63,70,5
63,71,3
63,72,4
63,73,1
63,74,2
63,75,5
64,0,5
64,1,5
64,2,2
64,3,1
64,4,1
64,5,3
64,6,4
64,7,5
64,8,4
64,9,2
64,10,5
64,11,0
64,12,0
64,13,4
64,14,1
64,15,0
64,16,2
64,17,0
64,18,5
64,19,0
64,20,0
64,21,2
64,22,4
64,23,0
64,24,0
64,25,5
64,26,0
64,27,1
64,28,0
64,29,4
64,30,0
64,31,4
64,32,0
64,33,4
64,34,2
64,35,0
64,36,0
64,37,5
64,38,1
64,39,4
64,40,5
64,41,4
64,42,1
64,43,5
64,44,0
64,45,1
64,46,5
64,47,5
64,48,4
64,49,0
64,50,1
64,51,4
64,52,2
64,53,5
64,54,2
64,55,2
64,56,5
64,57,4
64,58,2
64,59,4
64,60,4
64,61,5
64,62,4
64,63,5
64,64,1
64,65,3
64,66,2
64,67,0
64,68,3
64,69,0
64,70,3
64,71,2
64,72,3
64,73,0
64,74,0
64,75,0
65,0,3
65,1,0
65,2,5
65,3,5
65,4,0
65,5,0
65,6,1
65,7,1
65,8,3
65,9,3
65,10,2
65,11,4
65,12,3
65,13,3
65,14,0
65,15,0
65,16,3
65,17,3
65,18,1
65,19,2
65,20,5
65,21,1
65,22,2
65,23,4
65,24,3
65,25,5
65,26,5
65,27,2
65,28,3
65,29,3
65,30,2
65,31,3
65,32,2
65,33,4
65,34,4
65,35,2
65,36,3
65,37,1
65,38,1
65,39,1
65,40,0
65,41,3
65,42,0
65,43,1
65,44,0
65,45,1
65,46,4
65,47,4
65,48,3
65,49,1
65,50,1
65,51,0
65,52,2
65,53,0
65,54,1
65,55,3
65,56,2
65,57,1
65,58,0
65,59,3
65,60,1
65,61,0
65,62,1
65,63,3
65,64,1
65,65,0
65,66,0
65,67,2
65,68,1
65,69,5
65,70,1
65,71,3
65,72,0
65,73,0
65,74,5
65,75,2
66,0,3
66,1,1
66,2,4
66,3,0
66,4,2
66,5,4
66,6,0
66,7,0
66,8,0
66,9,3
66,10,2
66,11,2
66,12,0
66,13,1
66,14,5
66,15,3
66,16,1
66,17,2
66,18,2
66,19,5
66,20,3
66,21,5
66,22,1
66,23,4
66,24,0
66,25,4
66,26,3
66,27,5
66,28,2
66,29,5
66,30,1
66,31,1
66,32,5
66,33,1
66,34,1
66,35,0
66,36,3
66,37,2
66,38,5
66,39,5
66,40,2
66,41,5
66,42,2
66,43,2
66,44,3
66,45,0
66,46,2
66,47,2
66,48,2
66,49,5
66,50,5
66,51,3
66,52,5
66,53,4
66,54,2
66,55,5
66,56,2
66,57,4
66,58,1
66,59,3
66,60,1
66,61,5
66,62,1
66,63,0
66,64,3
66,65,2
66,66,3
66,67,5
66,68,3
66,69,2
66,70,0
66,71,0
66,72,0
66,73,3
66,74,2
66,75,4
67,0,0
67,1,3
67,2,0
67,3,2
67,4,3
67,5,0
67,6,2
67,7,0
67,8,4
67,9,4
67,10,5
67,11,4
67,12,3
67,13,0
67,14,5
67,15,5
67,16,4
67,17,5
67,18,3
67,19,4
67,20,5
67,21,5
67,22,2
67,23,2
67,24,5
67,25,1
67,26,5
67,27,1
67,28,1
67,29,1
67,30,5
67,31,4
67,32,4
67,33,5
67,34,0
67,35,5
67,36,3
67,37,0
67,38,0
67,39,4
67,40,2
67,41,1
67,42,5
67,43,0
67,44,0
67,45,5
67,46,5
67,47,1
67,48,2
67,49,1
67,50,4
67,51,4
67,52,3
67,53,0
67,54,4
67,55,2
67,56,2
67,57,2
67,58,5
67,59,2
67,60,5
67,61,2
67,62,0
67,63,2
67,64,5
67,65,4
67,66,3
67,67,2
67,68,3
67,69,5
67,70,2
67,71,1
67,72,5
67,73,4
67,74,0
67,75,4
68,0,4
68,1,2
68,2,4
68,3,3
68,4,2
68,5,5
68,6,0
68,7,0
68,8,1
68,9,0
68,10,5
68,11,3
68,12,4
68,13,1
68,14,5
68,15,5
68,16,5
68,17,4
68,18,4
68,19,2
68,20,1
68,21,5
68,22,1
68,23,5
68,24,1
68,25,2
68,26,1
68,27,0
68,28,2
68,29,3
68,30,3
68,31,0
68,32,2
68,33,3
68,34,1
68,35,3
68,36,4
68,37,5
68,38,2
68,39,4
68,40,2
68,41,3
68,42,1
68,43,5
68,44,0
68,45,5
68,46,3
68,47,0
68,48,5
68,49,5
68,50,4
68,51,3
68,52,5
68,53,0
68,54,3
68,55,1
68,56,1
68,57,0
68,58,1
68,59,3
68,60,4
68,61,5
68,62,4
68,63,5
68,64,4
68,65,4
68,66,0
68,67,2
68,68,1
68,69,2
68,70,1
68,71,3
68,72,1
68,73,5
68,74,5
68,75,1
69,0,5
69,1,4
69,2,3
69,3,0
69,4,1
69,5,1
69,6,1
69,7,4
69,8,2
69,9,1
69,10,0
69,11,5
69,12,1
69,13,0
69,14,2
69,15,4
69,16,1
69,17,4
69,18,4
69,19,1
69,20,2
69,21,3
69,22,3
69,23,3
69,24,2
69,25,5
69,26,5
69,27,4
69,28,5
69,29,4
69,30,2
69,31,1
69,32,5
69,33,3
69,34,3
69,35,4
69,36,5
69,37,5
69,38,2
69,39,5
69,40,4
69,41,2
69,42,4
69,43,2
69,44,3
69,45,2
69,46,2
69,47,5
69,48,1
69,49,1
69,50,3
69,51,3
69,52,4
69,53,4
69,54,0
69,55,2
69,56,2
69,57,2
69,58,4
69,59,4
69,60,3
69,61,3
69,62,1
69,63,3
69,64,1
69,65,4
69,66,4
69,67,2
69,68,4
69,69,0
69,70,4
69,71,3
69,72,0
69,73,3
69,74,5
69,75,3
70,0,5
70,1,3
70,2,3
70,3,1
70,4,1
70,5,1
70,6,5
70,7,3
70,8,4
70,9,0
70,10,4
70,11,1
70,12,2
70,13,2
70,14,2
70,15,1
70,16,1
70,17,0
70,18,0
70,19,5
70,20,0
70,21,2
70,22,2
70,23,4
70,24,0
70,25,4
70,26,3
70,27,0
70,28,2
70,29,1
70,30,4
70,31,4
70,32,4
70,33,0
70,34,3
70,35,2
70,36,1
70,37,5
70,38,5
70,39,2
70,40,1
70,41,5
70,42,3
70,43,3
70,44,5
70,45,1
70,46,3
70,47,5
70,48,5
70,49,5
70,50,0
70,51,1
70,52,4
70,53,3
70,54,3
70,55,3
70,56,0
70,57,1
70,58,5
70,59,0
70,60,2
70,61,1
70,62,3
70,63,5
70,64,3
70,65,0
70,66,5
70,67,3
70,68,3
70,69,1
70,70,5
70,71,0
70,72,3
70,73,1
70,74,3
70,75,1
71,0,0
71,1,0
71,2,4
71,3,5
71,4,5
71,5,3
71,6,1
71,7,5
71,8,2
71,9,5
71,10,1
71,11,4
71,12,1
71,13,0
71,14,5
71,15,2
71,16,4
71,17,5
71,18,2
71,19,3
71,20,3
71,21,0
71,22,3
71,23,4
71,24,2
71,25,1
71,26,4
71,27,5
71,28,0
71,29,5
71,30,1
71,31,4
71,32,2
71,33,4
71,34,5
71,35,4
71,36,5
71,37,5
71,38,5
71,39,5
71,40,5
71,41,3
71,42,3
71,43,2
71,44,3
71,45,5
71,46,3
71,47,3
71,48,2
71,49,2
71,50,3
71,51,4
71,52,0
71,53,2
71,54,3
71,55,2
71,56,2
71,57,4
71,58,3
71,59,1
71,60,1
71,61,0
71,62,4
71,63,0
71,64,4
71,65,0
71,66,3
71,67,5
71,68,1
71,69,2
71,70,4
71,71,3
71,72,3
71,73,3
71,74,3
71,75,5
72,0,2
72,1,4
72,2,3
72,3,3
72,4,5
72,5,1
72,6,2
72,7,4
72,8,0
72,9,3
72,10,5
72,11,3
72,12,3
72,13,4
72,14,4
72,15,3
72,16,0
72,17,4
72,18,4
72,19,0
72,20,3
72,21,3
72,22,1
72,23,2
72,24,2
72,25,0
72,26,2
72,27,0
72,28,0
72,29,4
72,30,5
72,31,1
72,32,3
72,33,2
72,34,1
72,35,2
72,36,5
72,37,2
72,38,5
72,39,0
72,40,2
72,41,0
72,42,2
72,43,2
72,44,4
72,45,4
72,46,0
72,47,3
72,48,0
72,49,2
72,50,1
72,51,2
72,52,2
72,53,3
72,54,2
72,55,5
72,56,0
72,57,2
72,58,5
72,59,3
72,60,1
72,61,4
72,62,3
72,63,5
72,64,0
72,65,2
72,66,0
72,67,0
72,68,4
72,69,1
72,70,4
72,71,1
72,72,1
72,73,2
72,74,1
72,75,1
73,0,3
73,1,3
73,2,0
73,3,5
73,4,0
73,5,0
73,6,5
73,7,0
73,8,1
73,9,5
73,10,4
73,11,3
73,12,2
73,13,0
73,14,3
73,15,4
73,16,0
73,17,2
73,18,1
73,19,0
73,20,2
73,21,2
73,22,5
73,23,1
73,24,5
73,25,5
73,26,2
73,27,4
73,28,1
73,29,3
73,30,1
73,31,5
73,32,2
73,33,4
73,34,2
73,35,4
73,36,4
73,37,5
73,38,1
73,39,5
73,40,2
73,41,3
73,42,3
73,43,0
73,44,1
73,45,0
73,46,5
73,47,3
73,48,4
73,49,3
73,50,1
73,51,1
73,52,3
73,53,1
73,54,0
73,55,5
73,56,0
73,57,5
73,58,0
73,59,2
73,60,5
73,61,3
73,62,0
73,63,2
73,64,4
73,65,0
73,66,1
73,67,3
73,68,1
73,69,0
73,70,4
73,71,0
73,72,2
73,73,2
73,74,5
73,75,5
74,0,0
74,1,4
74,2,1
74,3,3
74,4,3
74,5,0
74,6,1
74,7,5
74,8,0
74,9,1
74,10,3
74,11,0
74,12,5
74,13,2
74,14,5
74,15,0
74,16,0
74,17,5
74,18,0
74,19,0
74,20,1
74,21,1
74,22,0
74,23,1
74,24,1
74,25,3
74,26,2
74,27,5
74,28,4
74,29,2
74,30,0
74,31,1
74,32,0
74,33,2
74,34,3
74,35,0
74,36,0
74,37,4
74,38,1
74,39,4
74,40,3
74,41,3
74,42,5
74,43,4
74,44,4
74,45,1
74,46,5
74,47,3
74,48,2
74,49,2
74,50,1
74,51,5
74,52,0
74,53,0
74,54,1
74,55,2
74,56,0
74,57,4
74,58,0
74,59,4
74,60,5
74,61,5
74,62,1
74,63,4
74,64,5
74,65,0
74,66,2
74,67,2
74,68,0
74,69,2
74,70,3
74,71,3
74,72,3
74,73,0
74,74,2
74,75,1
75,0,1
75,1,1
75,2,0
75,3,5
75,4,2
75,5,2
75,6,3
75,7,0
75,8,4
75,9,0
75,10,3
75,11,3
75,12,1
75,13,5
75,14,1
75,15,1
75,16,1
75,17,0
75,18,2
75,19,0
75,20,0
75,21,2
75,22,1
75,23,3
75,24,5
75,25,0
75,26,0
75,27,3
75,28,3
75,29,5
75,30,4
75,31,1
75,32,2
75,33,0
75,34,1
75,35,4
75,36,5
75,37,5
75,38,4
75,39,0
75,40,4
75,41,1
75,42,1
75,43,4
75,44,0
75,45,4
75,46,3
75,47,4
75,48,3
75,49,0
75,50,1
75,51,4
75,52,2
75,53,2
75,54,0
75,55,5
75,56,1
75,57,1
75,58,2
75,59,1
75,60,0
75,61,3
75,62,4
75,63,0
75,64,1
75,65,0
75,66,5
75,67,0
75,68,5
75,69,1
75,70,2
75,71,2
75,72,0
75,73,4
75,74,2
75,75,1
76,0,1
76,1,2
76,2,3
76,3,3
76,4,3
76,5,2
76,6,4
76,7,1
76,8,2
76,9,5
76,10,0
76,11,0
76,12,1
76,13,2
76,14,1
76,15,4
76,16,5
76,17,1
76,18,1
76,19,0
76,20,1
76,21,2
76,22,4
76,23,1
76,24,3
76,25,5
76,26,0
76,27,0
76,28,2
76,29,2
76,30,4
76,31,2
76,32,2
76,33,2
76,34,0
76,35,2
76,36,0
76,37,5
76,38,2
76,39,4
76,40,5
76,41,3
76,42,2
76,43,5
76,44,1
76,45,5
76,46,3
76,47,3
76,48,3
76,49,1
76,50,3
76,51,2
76,52,4
76,53,1
76,54,4
76,55,1
76,56,2
76,57,2
76,58,5
76,59,3
76,60,3
76,61,0
76,62,4
76,63,1
76,64,1
76,65,4
76,66,1
76,67,2
76,68,4
76,69,0
76,70,4
76,71,4
76,72,3
76,73,1
76,74,2
76,75,2
77,0,1
77,1,2
77,2,1
77,3,0
77,4,5
77,5,5
77,6,0
77,7,2
77,8,3
77,9,3
77,10,2
77,11,5
77,12,0
77,13,2
77,14,0
77,15,0
77,16,3
77,17,2
77,18,5
77,19,2
77,20,1
77,21,2
77,22,5
77,23,4
77,24,4
77,25,2
77,26,3
77,27,2
77,28,3
77,29,0
77,30,1
77,31,4
77,32,5
77,33,5
77,34,5
77,35,4
77,36,3
77,37,4
77,38,5
77,39,1
77,40,2
77,41,2
77,42,0
77,43,1
77,44,2
77,45,5
77,46,5
77,47,0
77,48,2
77,49,1
77,50,0
77,51,4
77,52,2
77,53,3
77,54,1
77,55,4
77,56,3
77,57,0
77,58,4
77,59,5
77,60,0
77,61,0
77,62,3
77,63,2
77,64,1
77,65,4
77,66,3
77,67,4
77,68,0
77,69,5
77,70,2
77,71,1
77,72,5
77,73,0
77,74,4
77,75,0
78,0,2
78,1,2
78,2,5
78,3,1
78,4,3
78,5,1
78,6,5
78,7,5
78,8,4
78,9,2
78,10,5
78,11,4
78,12,2
78,13,5
78,14,0
78,15,4
78,16,2
78,17,5
78,18,5
78,19,3
78,20,4
78,21,0
78,22,4
78,23,5
78,24,1
78,25,3
78,26,1
78,27,3
78,28,0
78,29,3
78,30,3
78,31,3
78,32,2
78,33,5
78,34,5
78,35,1
78,36,5
78,37,2
78,38,2
78,39,3
78,40,5
78,41,5
78,42,2
78,43,4
78,44,4
78,45,0
78,46,1
78,47,3
78,48,1
78,49,0
78,50,0
78,51,2
78,52,0
78,53,5
78,54,0
78,55,2
78,56,1
78,57,4
78,58,0
78,59,5
78,60,4
78,61,1
78,62,5
78,63,2
78,64,0
78,65,1
78,66,1
78,67,1
78,68,4
78,69,1
78,70,5
78,71,4
78,72,4
78,73,5
78,74,2
78,75,5
79,0,5
79,1,2
79,2,4
79,3,1
79,4,3
79,5,3
79,6,1
79,7,0
79,8,1
79,9,1
79,10,1
79,11,3
79,12,0
79,13,5
79,14,4
79,15,1
79,16,0
79,17,4
79,18,5
79,19,5
79,20,5
79,21,4
79,22,5
79,23,0
79,24,0
79,25,1
79,26,3
79,27,4
79,28,2
79,29,3
79,30,2
79,31,1
79,32,0
79,33,5
79,34,3
79,35,0
79,36,1
79,37,4
79,38,3
79,39,5
79,40,0
79,41,0
79,42,2
79,43,1
79,44,5
79,45,0
79,46,0
79,47,2
79,48,2
79,49,2
79,50,0
79,51,0
79,52,4
79,53,4
79,54,1
79,55,1
79,56,3
79,57,5
79,58,5
79,59,2
79,60,1
79,61,5
79,62,5
79,63,1
79,64,2
79,65,5
79,66,0
79,67,0
79,68,1
79,69,2
79,70,4
79,71,0
79,72,3
79,73,2
79,74,0
79,75,4
80,0,4
80,1,5
80,2,3
80,3,2
80,4,2
80,5,3
80,6,2
80,7,3
80,8,3
80,9,4
80,10,1
80,11,4
80,12,5
80,13,0
80,14,3
80,15,3
80,16,4
80,17,4
80,18,5
80,19,1
80,20,0
80,21,3
80,22,4
80,23,5
80,24,0
80,25,1
80,26,0
80,27,1
80,28,5
80,29,4
80,30,5
80,31,5
80,32,5
80,33,2
80,34,3
80,35,2
80,36,2
80,37,1
80,38,3
80,39,3
80,40,5
80,41,5
80,42,4
80,43,3
80,44,0
80,45,5
80,46,5
80,47,1
80,48,5
80,49,3
80,50,2
80,51,1
80,52,5
80,53,5
80,54,2
80,55,2
80,56,5
80,57,5
80,58,0
80,59,2
80,60,3
80,61,2
80,62,4
80,63,3
80,64,3
80,65,2
80,66,2
80,67,5
80,68,0
80,69,2
80,70,1
80,71,5
80,72,2
80,73,3
80,74,5
80,75,4
81,0,3
81,1,0
81,2,5
81,3,4
81,4,2
81,5,2
81,6,0
81,7,1
81,8,1
81,9,2
81,10,4
81,11,2
81,12,0
81,13,0
81,14,2
81,15,0
81,16,0
81,17,3
81,18,2
81,19,5
81,20,5
81,21,1
81,22,0
81,23,5
81,24,0
81,25,3
81,26,2
81,27,3
81,28,0
81,29,4
81,30,4
81,31,1
81,32,2
81,33,4
81,34,3
81,35,3
81,36,5
81,37,2
81,38,1
81,39,3
81,40,2
81,41,5
81,42,1
81,43,2
81,44,5
81,45,0
81,46,0
81,47,2
81,48,4
81,49,3
81,50,3
81,51,3
81,52,2
81,53,4
81,54,5
81,55,3
81,56,3
81,57,0
81,58,3
81,59,5
81,60,3
81,61,2
81,62,5
81,63,4
81,64,2
81,65,0
81,66,2
81,67,2
81,68,4
81,69,0
81,70,5
81,71,4
81,72,3
81,73,4
81,74,2
81,75,1
82,0,5
82,1,1
82,2,5
82,3,4
82,4,3
82,5,2
82,6,1
82,7,2
82,8,3
82,9,1
82,10,1
82,11,0
82,12,0
82,13,1
82,14,2
82,15,1
82,16,0
82,17,3
82,18,2
82,19,1
82,20,0
82,21,3
82,22,1
82,23,2
82,24,2
82,25,4
82,26,4
82,27,5
82,28,0
82,29,3
82,30,1
82,31,1
82,32,3
82,33,4
82,34,4
82,35,3
82,36,4
82,37,3
82,38,2
82,39,3
82,40,1
82,41,4
82,42,3
82,43,0
82,44,3
82,45,4
82,46,0
82,47,2
82,48,3
82,49,0
82,50,0
82,51,5
82,52,1
82,53,4
82,54,4
82,55,1
82,56,3
82,57,1
82,58,1
82,59,3
82,60,3
82,61,2
82,62,0
82,63,3
82,64,4
82,65,0
82,66,1
82,67,0
82,68,3
82,69,2
82,70,3
82,71,5
82,72,3
82,73,1
82,74,3
82,75,4
83,0,1
83,1,5
83,2,5
83,3,2
83,4,0
83,5,2
83,6,0
83,7,2
83,8,2
83,9,4
83,10,3
83,11,0
83,12,1
83,13,4
83,14,4
83,15,5
83,16,1
83,17,4
83,18,2
83,19,4
83,20,3
83,21,3
83,22,3
83,23,5
83,24,0
83,25,4
83,26,3
83,27,4
83,28,1
83,29,4
83,30,0
83,31,1
83,32,5
83,33,2
83,34,3
83,35,4
83,36,2
83,37,3
83,38,5
83,39,4
83,40,0
83,41,5
83,42,4
83,43,0
83,44,1
83,45,4
83,46,4
83,47,3
83,48,2
83,49,0
83,50,1
83,51,5
83,52,3
83,53,3
83,54,5
83,55,4
83,56,5
83,57,5
83,58,1
83,59,5
83,60,4
83,61,3
83,62,2
83,63,0
83,64,0
83,65,3
83,66,4
83,67,1
83,68,2
83,69,2
83,70,4
83,71,5
83,72,1
83,73,2
83,74,1
83,75,4
84,0,0
84,1,2
84,2,5
84,3,5
84,4,5
84,5,3
84,6,2
84,7,3
84,8,0
84,9,4
84,10,0
84,11,2
84,12,4
84,13,1
84,14,5
84,15,0
84,16,3
84,17,2
84,18,0
84,19,1
84,20,5
84,21,5
84,22,5
84,23,5
84,24,5
84,25,0
84,26,3
84,27,1
84,28,2
84,29,1
84,30,5
84,31,4
84,32,1
84,33,1
84,34,1
84,35,3
84,36,3
84,37,0
84,38,1
84,39,2
84,40,5
84,41,3
84,42,4
84,43,0
84,44,1
84,45,2
84,46,3
84,47,0
84,48,1
84,49,2
84,50,1
84,51,3
84,52,0
84,53,2
84,54,4
84,55,4
84,56,2
84,57,2
84,58,5
84,59,1
84,60,4
84,61,0
84,62,1
84,63,2
84,64,5
84,65,2
84,66,2
84,67,5
84,68,1
84,69,0
84,70,4
84,71,3
84,72,5
84,73,5
84,74,5
84,75,3
85,0,3
85,1,1
85,2,1
85,3,5
85,4,3
85,5,5
85,6,0
85,7,4
85,8,1
85,9,2
85,10,3
85,11,2
85,12,4
85,13,5
85,14,2
85,15,2
85,16,4
85,17,3
85,18,1
85,19,0
85,20,3
85,21,3
85,22,5
85,23,4
85,24,0
85,25,5
85,26,0
85,27,5
85,28,5
85,29,3
85,30,2
85,31,4
85,32,4
85,33,4
85,34,1
85,35,3
85,36,0
85,37,2
85,38,4
85,39,4
85,40,3
85,41,5
85,42,1
85,43,3
85,44,0
85,45,5
85,46,4
85,47,1
85,48,0
85,49,1
85,50,1
85,51,4
85,52,5
85,53,2
85,54,4
85,55,3
85,56,1
85,57,3
85,58,2
85,59,1
85,60,1
85,61,5
85,62,5
85,63,4
85,64,5
85,65,3
85,66,0
85,67,0
85,68,2
85,69,2
85,70,0
85,71,5
85,72,2
85,73,3
85,74,0
85,75,5
86,0,0
86,1,4
86,2,5
86,3,0
86,4,4
86,5,2
86,6,2
86,7,0
86,8,3
86,9,4
86,10,5
86,11,4
86,12,1
86,13,5
86,14,1
86,15,0
86,16,5
86,17,4
86,18,5
86,19,1
86,20,3
86,21,5
86,22,4
86,23,4
86,24,0
86,25,3
86,26,5
86,27,4
86,28,1
86,29,5
86,30,2
86,31,2
86,32,5
86,33,3
86,34,4
86,35,4
86,36,0
86,37,2
86,38,3
86,39,3
86,40,2
86,41,3
86,42,2
86,43,4
86,44,3
86,45,0
86,46,1
86,47,2
86,48,5
86,49,2
86,50,3
86,51,0
86,52,4
86,53,3
86,54,5
86,55,0
86,56,0
86,57,0
86,58,3
86,59,5
86,60,4
86,61,4
86,62,2
86,63,0
86,64,3
86,65,0
86,66,0
86,67,1
86,68,2
86,69,0
86,70,1
86,71,1
86,72,5
86,73,5
86,74,5
86,75,0
87,0,2
87,1,3
87,2,5
87,3,2
87,4,0
87,5,3
87,6,2
87,7,2
87,8,3
87,9,0
87,10,1
87,11,0
87,12,2
87,13,5
87,14,2
87,15,5
87,16,1
87,17,5
87,18,3
87,19,1
87,20,2
87,21,2
87,22,5
87,23,0
87,24,1
87,25,4
87,26,0
87,27,1
87,28,1
87,29,1
87,30,1
87,31,2
87,32,4
87,33,2
87,34,1
87,35,0
87,36,0
87,37,5
87,38,4
87,39,0
87,40,5
87,41,4
87,42,5
87,43,5
87,44,3
87,45,5
87,46,1
87,47,1
87,48,3
87,49,4
87,50,5
87,51,1
87,52,2
87,53,4
87,54,3
87,55,5
87,56,4
87,57,1
87,58,0
87,59,4
87,60,3
87,61,4
87,62,2
87,63,3
87,64,1
87,65,3
87,66,4
87,67,2
87,68,0
87,69,4
87,70,2
87,71,4
87,72,5
87,73,5
87,74,4
87,75,0
88,0,5
88,1,3
88,2,4
88,3,3
88,4,2
88,5,3
88,6,4
88,7,2
88,8,5
88,9,4
88,10,5
88,11,0
88,12,5
88,13,1
88,14,1
88,15,3
88,16,1
88,17,1
88,18,2
88,19,3
88,20,3
88,21,2
88,22,3
88,23,4
88,24,2
88,25,2
88,26,1
88,27,4
88,28,5
88,29,0
88,30,2
88,31,3
88,32,1
88,33,5
88,34,3
88,35,1
88,36,3
88,37,3
88,38,1
88,39,3
88,40,1
88,41,0
88,42,2
88,43,1
88,44,2
88,45,1
88,46,4
88,47,0
88,48,3
88,49,1
88,50,5
88,51,0
88,52,4
88,53,2
88,54,0
88,55,2
88,56,0
88,57,5
88,58,5
88,59,3
88,60,2
88,61,4
88,62,4
88,63,5
88,64,4
88,65,0
88,66,0
88,67,2
88,68,3
88,69,4
88,70,4
88,71,0
88,72,2
88,73,0
88,74,0
88,75,2
89,0,4
89,1,1
89,2,5
89,3,4
89,4,5
89,5,4
89,6,3
89,7,3
89,8,2
89,9,3
89,10,5
89,11,1
89,12,2
89,13,3
89,14,4
89,15,0
89,16,5
89,17,5
89,18,3
89,19,5
89,20,5
89,21,5
89,22,4
89,23,3
89,24,3
89,25,2
89,26,1
89,27,3
89,28,4
89,29,0
89,30,0
89,31,4
89,32,2
89,33,3
89,34,4
89,35,2
89,36,3
89,37,3
89,38,5
89,39,0
89,40,3
89,41,3
89,42,3
89,43,0
89,44,3
89,45,3
89,46,5
89,47,2
89,48,0
89,49,3
89,50,0
89,51,3
89,52,0
89,53,2
89,54,2
89,55,0
89,56,4
89,57,4
89,58,4
89,59,3
89,60,1
89,61,5
89,62,3
89,63,3
89,64,3
89,65,1
89,66,3
89,67,4
89,68,1
89,69,4
89,70,0
89,71,3
89,72,1
89,73,2
89,74,0
89,75,4
90,0,3
90,1,4
90,2,3
90,3,5
90,4,1
90,5,3
90,6,0
90,7,2
90,8,5
90,9,2
90,10,3
90,11,3
90,12,4
90,13,5
90,14,4
90,15,5
90,16,2
90,17,3
90,18,5
90,19,0
90,20,0
90,21,0
90,22,5
90,23,5
90,24,3
90,25,3
90,26,2
90,27,5
90,28,5
90,29,5
90,30,5
90,31,3
90,32,4
90,33,2
90,34,2
90,35,2
90,36,3
90,37,0
90,38,0
90,39,1
90,40,1
90,41,5
90,42,3
90,43,5
90,44,2
90,45,3
90,46,5
90,47,5
90,48,5
90,49,0
90,50,0
90,51,2
90,52,2
90,53,4
90,54,2
90,55,4
90,56,0
90,57,2
90,58,4
90,59,0
90,60,0
90,61,5
90,62,4
90,63,4
90,64,2
90,65,1
90,66,0
90,67,2
90,68,3
90,69,3
90,70,2
90,71,2
90,72,5
90,73,5
90,74,3
90,75,4
91,0,1
91,1,1
91,2,1
91,3,3
91,4,1
91,5,4
91,6,1
91,7,4
91,8,3
91,9,2
91,10,4
91,11,5
91,12,5
91,13,0
91,14,3
91,15,1
91,16,2
91,17,3
91,18,2
91,19,4
91,20,3
91,21,4
91,22,3
91,23,0
91,24,3
91,25,1
91,26,4
91,27,1
91,28,3
91,29,1
91,30,2
91,31,4
91,32,5
91,33,4
91,34,4
91,35,0
91,36,1
91,37,0
91,38,5
91,39,2
91,40,5
91,41,2
91,42,3
91,43,3
91,44,4
91,45,1
91,46,3
91,47,4
91,48,3
91,49,4
91,50,4
91,51,0
91,52,5
91,53,2
91,54,2
91,55,1
91,56,1
91,57,3
91,58,1
91,59,5
91,60,5
91,61,0
91,62,4
91,63,5
91,64,1
91,65,4
91,66,1
91,67,1
91,68,0
91,69,3
91,70,5
91,71,4
91,72,2
91,73,5
91,74,0
91,75,2
92,0,4
92,1,0
92,2,5
92,3,2
92,4,3
92,5,2
92,6,1
92,7,3
92,8,5
92,9,1
92,10,5
92,11,5
92,12,0
92,13,4
92,14,5
92,15,4
92,16,0
92,17,2
92,18,0
92,19,2
92,20,3
92,21,0
92,22,4
92,23,4
92,24,3
92,25,4
92,26,5
92,27,5
92,28,3
92,29,4
92,30,3
92,31,4
92,32,2
92,33,0
92,34,4
92,35,3
92,36,2
92,37,3
92,38,4
92,39,1
92,40,5
92,41,5
92,42,5
92,43,4
92,44,5
92,45,2
92,46,4
92,47,4
92,48,3
92,49,4
92,50,1
92,51,2
92,52,1
92,53,1
92,54,0
92,55,2
92,56,1
92,57,3
92,58,4
92,59,2
92,60,3
92,61,1
92,62,4
92,63,0
92,64,4
92,65,1
92,66,5
92,67,5
92,68,1
92,69,3
92,70,5
92,71,3
92,72,0
92,73,5
92,74,2
92,75,5
93,0,5
93,1,5
93,2,5
93,3,0
93,4,4
93,5,3
93,6,3
93,7,0
93,8,4
93,9,5
93,10,2
93,11,1
93,12,3
93,13,4
93,14,1
93,15,3
93,16,4
93,17,1
93,18,0
93,19,1
93,20,2
93,21,1
93,22,3
93,23,0
93,24,3
93,25,5
93,26,3
93,27,1
93,28,2
93,29,2
93,30,0
93,31,1
93,32,3
93,33,3
93,34,0
93,35,3
93,36,2
93,37,3
93,38,4
93,39,2
93,40,1
93,41,4
93,42,2
93,43,3
93,44,4
93,45,3
93,46,5
93,47,2
93,48,3
93,49,0
93,50,1
93,51,0
93,52,3
93,53,2
93,54,2
93,55,1
93,56,0
93,57,3
93,58,3
93,59,0
93,60,3
93,61,2
93,62,1
93,63,3
93,64,1
93,65,2
93,66,2
93,67,0
93,68,2
93,69,3
93,70,3
93,71,4
93,72,3
93,73,0
93,74,0
93,75,0
94,0,5
94,1,0
94,2,3
94,3,5
94,4,0
94,5,0
94,6,4
94,7,5
94,8,4
94,9,2
94,10,3
94,11,1
94,12,5
94,13,1
94,14,2
94,15,5
94,16,5
94,17,2
94,18,3
94,19,2
94,20,0
94,21,2
94,22,5
94,23,1
94,24,2
94,25,4
94,26,4
94,27,4
94,28,2
94,29,5
94,30,1
94,31,3
94,32,4
94,33,0
94,34,3
94,35,4
94,36,2
94,37,5
94,38,3
94,39,3
94,40,5
94,41,0
94,42,4
94,43,1
94,44,5
94,45,2
94,46,1
94,47,3
94,48,2
94,49,1
94,50,0
94,51,1
94,52,0
94,53,0
94,54,3
94,55,2
94,56,4
94,57,1
94,58,5
94,59,4
94,60,3
94,61,4
94,62,3
94,63,5
94,64,3
94,65,4
94,66,3
94,67,0
94,68,2
94,69,4
94,70,1
94,71,1
94,72,1
94,73,3
94,74,1
94,75,5
95,0,2
95,1,3
95,2,0
95,3,3
95,4,1
95,5,5
95,6,4
95,7,2
95,8,4
95,9,5
95,10,2
95,11,4
95,12,5
95,13,1
95,14,4
95,15,0
95,16,1
95,17,1
95,18,0
95,19,5
95,20,3
95,21,0
95,22,5
95,23,5
95,24,2
95,25,3
95,26,0
95,27,3
95,28,0
95,29,1
95,30,1
95,31,0
95,32,2
95,33,0
95,34,4
95,35,2
95,36,0
95,37,3
95,38,5
95,39,4
95,40,1
95,41,0
95,42,5
95,43,0
95,44,5
95,45,4
95,46,0
95,47,3
95,48,5
95,49,5
95,50,3
95,51,5
95,52,2
95,53,0
95,54,2
95,55,3
95,56,3
95,57,3
95,58,1
95,59,1
95,60,3
95,61,3
95,62,2
95,63,5
95,64,3
95,65,4
95,66,1
95,67,0
95,68,5
95,69,2
95,70,4
95,71,4
95,72,1
95,73,2
95,74,3
95,75,0
96,0,3
96,1,2
96,2,3
96,3,1
96,4,3
96,5,2
96,6,1
96,7,4
96,8,5
96,9,3
96,10,5
96,11,1
96,12,3
96,13,3
96,14,2
96,15,5
96,16,0
96,17,1
96,18,5
96,19,0
96,20,4
96,21,0
96,22,3
96,23,1
96,24,2
96,25,2
96,26,3
96,27,0
96,28,0
96,29,1
96,30,0
96,31,4
96,32,1
96,33,5
96,34,5
96,35,3
96,36,3
96,37,2
96,38,0
96,39,0
96,40,1
96,41,2
96,42,2
96,43,0
96,44,2
96,45,0
96,46,4
96,47,1
96,48,3
96,49,1
96,50,0
96,51,5
96,52,1
96,53,3
96,54,3
96,55,3
96,56,2
96,57,0
96,58,4
96,59,4
96,60,1
96,61,5
96,62,2
96,63,2
96,64,3
96,65,0
96,66,1
96,67,5
96,68,5
96,69,2
96,70,4
96,71,0
96,72,0
96,73,4
96,74,3
96,75,2
97,0,2
97,1,5
97,2,2
97,3,3
97,4,2
97,5,0
97,6,5
97,7,1
97,8,0
97,9,0
97,10,3
97,11,1
97,12,5
97,13,3
97,14,4
97,15,2
97,16,1
97,17,3
97,18,5
97,19,4
97,20,1
97,21,2
97,22,5
97,23,2
97,24,1
97,25,4
97,26,3
97,27,2
97,28,2
97,29,0
97,30,4
97,31,2
97,32,5
97,33,2
97,34,3
97,35,5
97,36,0
97,37,3
97,38,1
97,39,4
97,40,0
97,41,3
97,42,4
97,43,1
97,44,2
97,45,5
97,46,3
97,47,5
97,48,4
97,49,2
97,50,3
97,51,4
97,52,3
97,53,3
97,54,4
97,55,0
97,56,2
97,57,4
97,58,3
97,59,1
97,60,0
97,61,3
97,62,2
97,63,2
97,64,4
97,65,0
97,66,1
97,67,4
97,68,0
97,69,0
97,70,2
97,71,1
97,72,1
97,73,2
97,74,1
97,75,2
98,0,1
98,1,3
98,2,5
98,3,0
98,4,4
98,5,2
98,6,4
98,7,0
98,8,2
98,9,3
98,10,3
98,11,5
98,12,5
98,13,5
98,14,2
98,15,3
98,16,2
98,17,3
98,18,3
98,19,3
98,20,4
98,21,0
98,22,4
98,23,0
98,24,1
98,25,3
98,26,5
98,27,1
98,28,3
98,29,2
98,30,2
98,31,3
98,32,5
98,33,4
98,34,5
98,35,4
98,36,0
98,37,5
98,38,3
98,39,1
98,40,2
98,41,1
98,42,5
98,43,4
98,44,5
98,45,1
98,46,2
98,47,1
98,48,0
98,49,5
98,50,0
98,51,5
98,52,3
98,53,2
98,54,3
98,55,0
98,56,4
98,57,1
98,58,2
98,59,4
98,60,5
98,61,5
98,62,0
98,63,2
98,64,3
98,65,5
98,66,4
98,67,3
98,68,2
98,69,0
98,70,5
98,71,0
98,72,5
98,73,2
98,74,0
98,75,1
99,0,4
99,1,4
99,2,4
99,3,3
99,4,3
99,5,3
99,6,2
99,7,0
99,8,5
99,9,4
99,10,3
99,11,1
99,12,4
99,13,0
99,14,5
99,15,5
99,16,4
99,17,0
99,18,4
99,19,4
99,20,0
99,21,0
99,22,3
99,23,5
99,24,0
99,25,2
99,26,5
99,27,1
99,28,3
99,29,0
99,30,4
99,31,1
99,32,1
99,33,2
99,34,1
99,35,0
99,36,5
99,37,0
99,38,0
99,39,4
99,40,5
99,41,2
99,42,5
99,43,5
99,44,1
99,45,3
99,46,0
99,47,2
99,48,0
99,49,4
99,50,0
99,51,2
99,52,3
99,53,3
99,54,3
99,55,2
99,56,2
99,57,0
99,58,1
99,59,4
99,60,2
99,61,2
99,62,3
99,63,1
99,64,3
99,65,2
99,66,4
99,67,1
99,68,0
99,69,4
99,70,5
99,71,2
99,72,2
99,73,5
99,74,3
99,75,0
